23298	19054
23298	24795
23298	8178
19054	15497
15497	25141
15497	11249
15497	18559
15497	240
24795	8178
17545	2
17545	4157
17545	441
17545	18403
2	19242
15009	2984
15009	23198
15009	1486
15009	26581
15009	9316
15009	9471
15009	6348
15009	4694
15009	16384
15009	13836
13521	8
6441	9
6441	6610
6441	15256
6441	23496
6610	2520
11	1571
11	13400
20054	9685
20054	25871
20054	7565
20054	8886
20054	17223
20054	8919
20054	13
20054	24806
20054	9991
20054	1262
9685	1834
9685	20740
9685	15013
9685	5340
9685	26351
9068	13
9068	7073
9068	24807
9068	429
9068	1157
9068	11892
9068	1349
9068	1393
9068	2971
9068	5514
9068	26122
9068	3462
9068	8903
9068	5835
9068	15677
9068	11205
9068	3125
9068	6731
9068	397
9068	18003
9068	8573
9068	15287
9068	11816
9068	14582
9068	24640
9068	14266
9068	5472
9068	15640
9068	15855
9068	4547
9068	24149
9068	23957
9068	12580
9068	24213
9068	22284
9068	20866
9068	240
9068	17546
9068	9607
9068	1851
9068	8857
9068	24045
9068	24601
9068	10979
9068	9740
9068	2881
9068	21115
9068	9051
9068	12165
9068	7336
9068	26323
14	1389
1389	1283
16	21940
21940	9551
21940	16993
23703	18
20	2591
10802	19236
10802	21
10802	14609
10802	8362
2246	22
23	8534
18359	24
18359	10647
18359	17758
24	10647
1326	17860
17860	19501
17860	7616
17860	15003
17860	16549
17860	4101
17860	9033
17860	11599
17860	26446
25	4403
25	46
4403	4755
4403	4280
4403	5707
4403	19825
4403	5541
4403	4185
4403	13979
4403	4429
4403	20562
4403	13450
4403	14051
4403	20612
4403	3386
4403	19997
4403	14758
4403	19164
4403	19700
4403	25093
4403	20842
4403	25556
4403	385
26	23306
26	20708
23306	10344
23306	25402
30	18814
30	9430
18814	9430
18814	6498
18814	5074
18814	11557
18814	20029
18814	21725
21046	4755
21046	31
21046	20375
21046	14013
21046	18886
21046	21203
4755	3932
4755	385
4755	12409
4755	19373
13632	10856
13632	4645
13632	14861
13632	18484
13632	14893
10856	18484
10856	23219
10856	23220
14360	33
14360	6154
33	6154
2109	34
2109	11380
34	23330
34	6882
3889	6081
3889	12415
6081	1543
6081	3737
6081	4896
6081	13622
6081	19758
6081	12415
6081	17377
6081	18537
6081	9386
35	17314
35	24356
17314	10864
6334	36
13355	37
24990	38
24990	3406
24990	219
38	3406
38	5836
5836	219
5836	17765
3851	40
3851	12157
3851	21950
3851	6563
3851	9056
40	7223
40	11336
40	24048
11941	15266
11941	5733
11941	1782
15266	5733
14233	17976
14233	42
17976	9295
17976	24564
17976	25364
17976	18444
2505	43
2505	13559
2505	16640
43	18837
13559	13304
18837	6298
18837	6119
9109	44
9109	23729
9109	6775
9109	15261
9109	24784
9109	381
3549	17902
3549	11665
3549	21970
3549	24620
3549	24067
17902	10657
17902	1357
17902	7184
17902	1835
17902	2769
17902	24521
17902	10296
17902	4615
17902	6363
17902	25130
17902	25540
17902	1820
17902	10656
17902	25604
17902	8871
17902	16485
17902	8966
17902	10362
17902	26366
17902	2423
17902	12026
17902	25965
17902	19451
17902	20833
17902	558
17902	21144
17902	7218
17902	23729
17902	8681
17902	24146
17902	26034
24626	3135
24626	20666
3135	183
3135	1880
3135	19514
3135	16853
3135	9078
3135	45
7675	25668
7675	10058
7675	23346
7675	20612
25668	47
25668	10058
10396	10745
10396	6717
10396	11011
10396	22217
10396	21666
10745	1972
3936	48
3936	12564
21289	49
21289	7465
21289	20549
21289	9197
21289	7602
21289	11562
21289	23789
21289	1324
21289	10687
21289	2251
21289	21891
21289	21500
21289	22341
21289	15471
21289	17756
49	17816
7478	12883
7478	905
7478	1190
7478	16441
7478	23616
7478	5503
7478	23617
7478	2924
8300	1643
8300	1217
8300	17083
8300	9180
1643	1904
51	15938
51	22659
51	21630
51	19283
51	3418
3418	19283
3418	136
3815	24083
3815	4303
3815	19013
3815	15360
3815	12657
3815	26413
3815	16793
3815	12061
3815	200
3815	26408
24083	10296
24083	15302
24083	24067
24083	7184
24083	13469
24083	26195
53	13300
53	4303
13300	19013
19645	8351
19645	17119
19645	9715
19645	20274
19645	15913
19645	22862
8351	17837
8351	16458
8351	20274
1670	1013
1670	14530
1013	10517
1013	12525
1013	15752
1013	14530
1013	15913
56	1031
56	12662
1031	12662
1031	12089
15805	23605
15805	516
15805	13033
15805	8459
15805	1044
15805	21381
23605	5808
23605	21710
23605	5586
23605	5748
23605	9440
23605	26188
17443	57
17443	2702
57	2702
7448	58
7448	59
7448	18839
7448	4343
7448	2039
7448	13717
7448	19194
7448	23825
7448	24902
17172	5831
17172	14982
17172	3376
17172	18709
17172	7694
17172	13427
17172	4067
17172	6142
17172	23484
17172	26152
5831	14362
5831	3886
5831	13112
59	23825
59	9100
21726	19144
21726	16237
21726	21927
4897	7497
4897	11680
4897	12000
4897	7149
4897	2474
4897	24272
7497	22598
22909	61
22909	24372
22909	8321
62	8642
62	7242
8642	7242
65	14387
65	9757
15752	68
15752	5340
15752	1964
15752	20069
15752	7827
15752	23629
15752	14837
15752	19015
23199	69
23199	881
23199	11532
23199	2760
23199	10849
23199	5978
23199	21776
23199	9961
23199	10950
23199	9581
23199	8271
23199	17128
23199	14151
23199	17701
23199	19379
23199	20397
23199	4406
23199	10296
23199	1734
69	11730
69	1251
69	21603
115	16485
115	6300
16485	22777
16485	2884
16485	24359
16485	18341
16485	18208
16485	11243
16485	4424
16485	10708
16485	3303
16485	5908
16485	6259
16485	13700
16485	6902
16485	14670
16485	8081
16485	1709
16485	3203
16485	17671
16485	14618
16485	24807
16485	11846
16485	10734
16485	11059
16485	25427
16485	11975
16485	12148
16485	1324
16485	13417
16485	8743
16485	21307
16485	2502
16485	1863
16485	25379
16485	18859
16485	8350
16485	10408
16485	8705
16485	25747
16485	18358
16485	18613
16485	3044
16485	19204
16485	21361
16485	21928
16485	21917
16485	46
16485	18913
16485	21697
16485	25271
16485	20906
16485	25481
16485	4182
16485	1197
16485	5626
16485	17017
20490	15913
15913	5317
15913	15972
15913	14616
15913	25666
15913	19278
15913	8779
3592	70
3592	3348
3592	9168
12527	1045
12527	22398
12527	21921
1045	71
12424	7602
12424	3956
12424	7121
12424	2884
12424	26690
12424	13160
12424	21701
12424	3022
12424	15512
12424	24739
12424	776
12424	8427
12424	25675
7602	7646
7602	23410
7602	6901
7602	868
7602	15436
7602	2884
7602	22395
9638	4143
9638	19001
4143	26703
4143	19001
4143	19285
20871	2386
20871	1180
20871	1182
20871	20842
20871	3069
20871	22188
20871	16853
20871	939
20871	16151
20871	1277
20871	18993
20871	16394
20871	4412
20871	13318
20871	225
20871	6697
2386	2727
2386	14618
2386	5272
2386	5815
2386	12228
2386	12071
2386	22241
2386	1709
2386	13775
2386	17710
2386	10708
74	26245
2978	21988
2978	5279
11409	76
11409	5321
11409	16288
11409	21139
11409	19281
11409	21891
11409	23366
24464	16741
16741	3731
16741	19764
16741	3667
13954	1008
13954	17364
1008	17364
17364	78
17423	22752
17423	16618
22752	4704
15459	80
80	5779
82	5918
83	22591
83	21238
22591	4412
22591	3302
4412	4719
4412	1
4412	1181
4412	18805
84	8839
8839	13199
8839	1124
8839	10124
8839	14833
7339	18970
7339	15044
7339	2463
7339	18561
7339	8822
7339	20927
7339	6328
7339	11276
18970	16163
18970	2114
11001	10388
11001	88
11001	6697
11001	8512
11001	15085
11001	8732
11001	17546
11001	16930
11001	18705
11001	5549
11001	25084
11001	25577
10388	26102
10388	24222
88	4192
90	20392
20392	22777
20392	13525
20392	24197
20392	24853
20392	8566
20392	19358
91	20245
91	15327
20245	17313
20245	19902
20245	15884
15327	16219
17363	1632
17363	6837
17363	16251
17363	2092
17363	11963
17363	7649
17363	279
17363	17427
1632	8955
1632	18566
92	8468
92	636
8468	636
22972	24979
22972	20959
2888	2884
2884	14618
2884	9228
2884	2464
2884	3976
2884	9239
2884	4624
2884	17199
2884	5316
2884	18976
2884	11604
2884	15192
2884	10034
2884	9764
2884	14708
2884	15336
2884	17943
2884	19827
2884	19458
2884	5328
2884	8923
2884	9734
2884	4675
2884	21966
2884	16806
2884	26473
18594	22727
11256	23147
11256	13796
11256	15124
11256	10667
23147	17571
23147	23809
23147	19259
23147	10484
96	15764
15764	20077
15764	11595
15764	13277
15764	13310
15764	15072
15764	24522
15764	6845
15764	15998
15764	19435
15764	17961
15764	2403
15764	11142
98	5663
98	19349
5663	23660
854	24815
854	3686
854	24394
24815	3514
24815	25471
24815	18583
101	24443
24443	13093
24443	16015
103	22681
103	690
22681	13745
24761	310
310	8762
310	24460
310	5993
310	1257
310	5354
310	18992
310	26085
310	1802
310	15160
310	22710
310	11831
310	17230
310	8715
310	4282
310	22777
310	21263
310	2757
310	19356
310	21048
310	26649
310	23634
310	25881
310	24693
310	24639
310	25208
13745	104
8581	11240
8581	2005
8581	10817
8581	2955
8581	4813
8581	11180
8581	2840
8581	25126
8581	16496
8581	21649
8581	22989
8581	8922
11240	105
11240	13716
11240	19780
11240	24373
11240	24356
11240	1197
11240	21956
15256	106
15256	1674
15256	21526
15256	4789
15256	5621
15256	13869
15256	26024
106	5621
17644	14279
17644	16893
17644	22738
14279	22738
16135	370
370	14021
18484	3463
18484	10247
18484	16902
18484	108
18484	23219
108	23219
109	9629
9629	25807
9629	4783
9629	1304
9629	3593
9629	5809
9629	10655
9629	6164
9629	1324
9629	1312
9629	16236
9629	24678
9629	9580
9629	18340
9629	24359
9629	25503
9629	17756
9629	17871
9629	13979
9629	19128
9629	19437
9629	20116
9629	25422
9629	20666
9629	25398
9629	26591
16232	10020
16232	8818
16232	16288
16232	15328
16232	2641
10020	5636
10020	72
10020	5677
10020	5703
10020	18266
14982	17859
7338	23482
7338	335
7338	671
7338	19481
7338	16400
7338	16458
23482	19481
24678	111
24678	15714
24678	9999
24678	675
24678	10764
111	10169
24640	3125
24640	5265
24640	24796
24640	25268
3125	302
3125	8673
3125	22832
3125	15051
3125	24067
3125	1802
20171	19321
20171	6858
20171	7927
20171	18400
20171	11379
20171	23565
20171	26160
19321	334
19321	3199
19321	16407
19321	13922
19321	25665
19321	637
116	20211
20211	4832
20211	23769
20211	16480
20211	19392
117	3269
3269	19112
3269	1590
3269	24649
13966	14815
13966	5832
13966	13694
14815	25783
15650	15651
15650	20756
15651	21166
15651	15349
15651	2738
8147	119
8147	18112
15116	17267
15116	121
15116	19680
15116	26301
17267	19680
17267	4762
4997	18698
4997	175
4997	17135
4997	17555
4997	18393
4997	18767
6787	2929
6787	4327
6787	4359
2929	4359
2929	4327
2929	21639
17540	9350
17540	2719
9350	2719
13387	23491
13387	21859
13387	13769
13387	15871
7202	125
125	25292
127	14274
14274	3430
14274	10655
14274	1205
19793	3861
19793	6018
19793	2969
19793	17007
19793	12972
3861	7125
3861	13462
3861	4137
3861	18774
3861	18841
3861	24269
129	16614
129	20688
20676	17958
20676	20907
20676	4844
20676	12270
17958	22412
17958	12270
17958	10044
14847	5420
14847	13623
14847	2116
14847	10469
14847	16061
5420	130
13623	10469
13623	4325
9432	10682
9432	133
9432	16113
10682	16113
26186	133
26186	1561
133	1624
133	16113
8045	12884
8045	1882
8045	134
8045	605
12884	936
136	22927
22927	11349
1007	21928
1007	50
1007	20946
1007	23484
1007	11253
21928	22777
21928	24038
21928	20666
21928	4594
21928	10808
21928	4185
21928	21268
21928	15786
21928	18426
21928	6605
21928	6524
21928	9460
21928	3286
21928	21891
21928	7706
26423	138
26423	20216
141	18998
141	2682
18998	2682
18998	23296
2682	23051
2682	23296
2682	11542
2682	11524
142	12860
12860	5154
4428	14826
4428	24122
4428	22051
151	143
143	19258
144	23126
23126	25473
145	14831
2468	2622
2468	21064
2468	16877
2468	10069
2468	19547
2622	21693
2622	13183
2603	148
2603	595
148	15025
18360	150
18360	13069
150	17625
150	13069
17625	19229
17625	10707
17625	13069
4920	13335
13335	18720
5680	2529
5680	15357
5680	13552
5680	8138
2529	15357
1027	20868
1027	19074
20868	9441
20868	21595
20868	9615
20868	19074
20868	16258
14808	152
14808	16640
14808	12533
14808	8299
14808	22984
14808	13608
14808	7596
14808	20495
14808	15401
14808	25295
14808	16566
14808	22099
14808	3724
152	16640
16640	12931
16640	11797
16640	13092
16640	2163
16640	22473
16640	22099
8151	153
22895	156
22895	10418
22895	20204
156	20204
157	20209
157	7094
20209	2592
20209	8734
158	21156
158	16204
21156	2522
26676	159
8678	160
8678	7012
8678	5766
160	25413
14803	4570
4570	19141
15991	3048
15991	18909
3048	5586
3048	4542
3048	161
3048	1479
9885	16086
16086	2413
164	18733
164	1620
164	3249
164	10489
18733	5822
18733	15104
14732	1871
14732	6572
14732	4884
14732	18502
13466	11887
13466	14121
13466	1620
13466	24582
7303	166
7303	15934
14452	167
167	19014
168	21437
21437	5775
11942	11315
11942	169
11315	20152
11315	17404
11315	14788
6510	170
6510	6710
170	6508
170	6710
6710	181
6710	19103
6710	1536
6710	21528
6710	22764
23987	1666
23987	14717
23987	18992
1666	23474
1666	14792
15796	5158
15796	13773
15796	14415
15796	579
5158	579
174	9386
174	12706
9386	13990
9386	12127
9386	12706
21768	177
21768	16030
177	8357
13979	13489
13979	10578
13979	24446
13979	17335
13979	14618
13979	16019
13979	24288
13489	8213
13489	19023
13489	22218
15114	180
180	9424
180	7010
181	1539
181	16411
181	5302
181	23778
5636	6670
5636	11388
5636	26194
5636	16947
5636	25721
6670	3057
6670	17544
6670	21032
6670	19303
11888	21439
11888	182
11888	17428
21439	6826
6826	182
5469	8819
5469	21746
5469	10081
5469	3896
8819	183
8819	19960
8819	18402
8819	3736
183	5485
183	5915
183	18825
183	11983
183	8527
183	11467
15416	14558
15416	12278
15416	3274
15416	5507
14558	184
14558	5771
14558	15380
185	13528
186	21426
186	3499
21426	6591
21426	12768
21426	14613
21652	187
21652	1660
21652	13254
21652	14192
21652	15557
21652	11990
3614	20393
3614	21513
21513	188
21513	17567
21513	22661
21513	13681
21513	21467
21513	20605
26666	21592
26666	15983
1610	189
1610	11657
189	424
189	9751
189	16824
189	4835
189	7227
189	16493
189	20294
189	2346
189	22062
189	7098
190	2434
190	1661
190	17459
190	8753
2434	17459
2434	1661
12618	13895
12618	13976
13895	4772
13895	13976
13895	23348
13400	3008
13400	1569
13400	2744
13400	8082
13400	10177
13400	21806
13400	5744
13400	19088
13400	9941
13400	4119
13400	12519
13400	21331
13400	16780
13400	13640
13400	14604
13400	2849
13400	18302
13400	8637
13400	10689
13400	18864
13400	21995
13400	25461
192	12607
12607	2428
12607	18627
12607	1613
12607	6734
12607	272
12607	21433
12607	18254
12607	18381
12607	23781
12607	14301
12607	3165
12607	15470
12607	22724
12607	18900
12607	19279
12607	20321
12607	16025
12607	23695
12607	14295
12607	19178
3290	26227
3290	7335
3290	194
5294	8206
5294	4816
5294	22929
8206	5092
8206	2005
8206	22715
22715	13412
22715	4816
22715	7240
22715	3879
22715	3981
13412	4923
13412	408
13412	13381
13412	20440
8192	196
5428	8654
5428	8364
5428	17677
8654	8364
8364	7566
13367	2617
13367	197
13367	14317
13367	19860
2617	14317
198	25148
198	4879
198	15912
4879	5784
424	18249
424	17344
424	944
424	494
424	10984
424	23723
424	6336
424	11405
424	14102
424	15014
8738	19187
8738	12657
8738	23906
201	17154
17154	2474
20030	6316
6316	18980
6316	8152
6316	20039
6316	16093
6316	6844
6316	9202
6316	20455
4020	204
4020	24395
5033	205
5033	16055
205	16055
205	25446
207	5736
207	1690
18395	13446
18395	208
18395	14862
18395	13827
13308	9551
13308	209
13308	8622
9551	19203
9551	8829
9551	18601
9551	22474
8622	209
8622	11310
209	12980
4242	4070
4242	211
457	13696
13696	21682
212	9178
9178	23037
9178	7236
9178	6473
9178	1211
9178	4745
9178	17138
9178	10872
9178	15008
5923	213
22687	22914
22687	14664
22914	941
22914	14664
22914	215
19655	2394
19655	23980
2394	216
2394	16753
216	16753
24590	9325
24590	15873
9325	18410
9325	12245
4883	218
7728	3406
3406	14115
3406	17568
3406	22352
3406	9881
3406	17766
9118	220
9118	10275
9118	4896
9118	20958
9118	11254
9118	20766
9118	17862
9118	4222
9118	17881
9118	9569
9118	12031
9118	17806
9118	26439
9118	8999
9118	7212
9118	24751
9118	25306
9118	20985
9118	12037
18839	23562
5143	17696
5143	25458
5143	17981
17696	7262
17696	24724
17696	12209
17696	20677
17696	15032
17696	23944
17696	24700
17696	25719
17696	26415
17696	26558
23034	224
19122	7145
19122	10114
19122	18986
19122	14378
19122	2542
19122	21813
17155	226
8492	5263
8492	20315
5263	228
5263	21790
8262	2031
2031	24793
12373	10710
10710	230
10710	15308
15707	15669
15707	24041
15707	23659
15707	20355
15707	5408
15669	5408
15669	18448
233	10113
10113	9808
10113	22368
10113	21175
10113	9351
15867	11871
15867	18890
15867	2328
15867	523
15867	9622
15867	24356
15867	21138
11871	9715
5659	16541
5659	2700
5659	6145
5659	4903
5659	14618
2700	234
7743	18897
7743	6395
7743	16047
18897	7319
1248	20822
1248	15649
1248	11226
1248	14529
1248	16218
20822	21886
20822	11226
20822	13525
20822	13256
20822	22004
20822	20473
24414	11485
24414	1671
24414	5630
24414	7709
24414	9466
24414	11886
24414	21467
24414	7672
11485	3278
239	5738
239	18077
239	1733
239	8250
240	15287
240	11892
240	1242
240	8310
240	25141
240	11249
15287	11892
15287	1242
15467	20894
15467	4373
15467	22944
20894	17780
17789	11561
17789	18808
11561	17834
11561	20189
11561	18678
9756	1869
9756	8965
9756	25363
243	10350
10350	23775
10350	14637
10350	15760
10350	18197
10350	10930
10350	22907
10350	6531
11621	7313
11621	8934
11621	1430
11621	15078
11621	20740
15182	24358
15182	246
15182	446
15182	1238
24358	246
24358	1238
1238	3827
247	14711
247	1559
247	19055
247	1907
14711	1559
248	25129
248	24591
248	1197
248	15512
248	15740
248	9631
248	23022
25129	16989
25129	3107
25129	12738
25129	25421
25129	7273
25129	18552
25129	15899
25129	17457
25129	26535
18828	15740
18828	9269
15740	16517
15740	16430
15740	10299
15740	24007
15740	10979
15740	9631
249	25671
25671	25871
25671	7262
25671	5135
25671	24645
25671	20346
25671	1146
25671	14709
25671	25913
25671	17863
25671	288
250	10165
250	9103
10165	3203
10165	11022
10165	12238
10165	2329
10165	17972
10165	26329
9103	11022
9103	3203
9103	12165
9103	9740
9103	12502
9103	12738
9103	16253
9103	25184
9103	9240
9103	26595
11902	6727
11902	5647
11902	23032
11902	22777
11902	10027
11902	7079
6727	9486
6727	3821
6727	312
5647	312
5647	22777
5647	7470
5647	11894
5647	4167
1329	251
1329	3207
251	26636
3553	22911
3553	2659
3553	16567
3553	17234
25620	21744
25620	21747
21744	2837
23807	2423
2423	7381
2423	16434
2423	18288
2423	3003
18269	255
255	23369
255	7466
17875	20589
17875	25523
17875	3039
20589	256
6394	256
26250	257
20505	22127
20505	19368
20505	258
20505	7619
22127	8231
21885	260
21885	10015
21885	2780
260	10015
260	24531
18303	18941
18303	10160
18303	20095
12411	23706
12411	23278
12411	21948
12411	17018
23706	3138
23706	23278
23706	4258
23706	13227
23706	22743
23706	19310
23706	2034
23706	26136
23706	8557
13716	24356
263	4806
4806	18711
4806	12013
4806	24596
23562	8522
23562	2039
23562	19194
23562	23858
8522	2878
8522	4639
8522	8214
8522	4386
8522	13788
8522	8813
8522	10454
8522	14487
8522	19077
8522	1484
8522	22393
15534	10001
15534	266
10001	20371
19557	16979
19557	8401
19557	15876
19557	9740
19557	5392
19557	22509
19557	2039
19557	13827
19557	9460
19557	7480
19557	11213
19557	14127
19557	15874
19557	17019
19557	10967
19557	7174
19557	13602
19557	14980
16979	3033
16979	3116
16979	20736
16979	16567
16979	6452
16979	13801
16979	5642
16979	14581
16979	4172
16979	1961
16979	8213
14040	11629
14040	6389
14040	8758
14040	11209
14040	19989
20631	267
20631	14512
267	11866
14512	24301
14512	26574
22880	268
22880	980
22880	2066
22880	20112
22880	10430
22880	4627
22880	5239
22880	13398
22880	4766
22880	13790
22880	15607
22880	17769
22880	12115
22777	23957
22777	26324
22777	1018
22777	135
22777	8955
22777	24964
22777	3004
22777	4248
22777	7669
22777	16009
22777	21997
22777	21864
22777	5286
22777	10823
22777	13131
22777	16463
22777	26311
22777	4783
22777	67
22777	23157
22777	7188
22777	23990
22777	1799
22777	16838
22777	1197
22777	13209
22777	12234
22777	12428
22777	13350
22777	13900
22777	12047
22777	15321
22777	6148
22777	17309
22777	17914
22777	312
22777	4279
22777	9122
22777	11894
22777	23829
22777	21504
22777	5525
22777	8184
22777	22665
22777	527
22777	8665
22777	24217
22777	14814
22777	17813
22777	1211
22777	25971
22777	26360
22777	26392
272	6392
272	2049
272	22701
272	2527
272	6057
272	22430
272	5071
272	19142
272	12572
272	5378
272	14996
272	15510
272	15848
272	9327
272	5060
23462	22177
273	12881
273	971
971	77
275	8676
8676	13358
276	24697
276	7512
276	10670
24697	7512
17427	279
17427	3966
17427	13317
17427	11358
279	17911
24182	24805
24805	15157
281	12324
6002	282
282	20246
20246	5110
283	15342
15342	24460
15342	24000
15342	23952
15342	26537
24460	448
24460	10383
25995	286
25995	12387
286	3036
25961	24978
25961	25575
25961	24067
24978	6118
24978	24532
24978	24775
24978	7066
24978	25359
24978	8716
287	9039
287	16597
9039	21348
9039	16597
1142	20980
1142	288
1142	25201
1142	300
1142	5828
1142	4616
1142	4677
1142	8987
1142	20666
1142	6845
1142	26374
1142	17706
1142	8988
1142	26331
1142	12768
288	8445
288	9285
22259	7222
22259	9550
7222	7098
7222	9550
7210	11023
7210	6134
7210	14835
11023	25519
11023	14835
1492	6753
1492	289
1492	9273
1492	7190
1492	9193
1492	23673
1492	6025
1492	4688
1492	14505
1492	21610
1492	22412
6753	24586
6753	3129
6753	7190
6753	9187
6753	22412
6753	4688
6753	24733
15036	6382
15036	18608
15036	7400
15036	6544
15036	6341
15036	12450
15036	20643
15036	25607
15036	26383
6382	7587
6382	25566
26511	12738
12738	10097
12738	9435
12738	14477
12738	3650
12738	6208
12738	19327
12738	8344
12738	4719
12738	19292
12738	26304
8942	26538
8942	348
8942	7184
8942	9014
8942	7194
8942	25619
8942	277
8942	25876
8942	26366
26538	2083
26538	26055
26538	1837
26538	7066
18923	295
18923	2438
18923	5330
295	2438
301	9112
21144	24007
21144	4766
21144	8055
21144	8335
24007	9223
24007	17546
24007	25087
24007	9232
24007	4155
24007	9029
24007	13327
24007	7098
24007	22236
24007	11002
24007	25470
18003	24796
18003	24490
24034	112
24034	14217
112	25354
2520	3411
10871	14836
10871	23544
10871	20102
10871	12483
14836	20102
14836	21826
14836	23336
1029	22818
1029	2329
1029	19501
22818	305
22818	2329
1197	306
1197	25524
1197	9888
1197	2855
1197	16160
1197	9023
1197	20711
1197	22861
1197	11853
1197	12709
1197	22854
1197	16393
1197	23786
1197	6200
25523	21630
25523	16437
25523	19505
25523	6452
21630	22220
21630	11623
21630	16094
8762	4638
9051	12455
9051	12306
9051	16208
9051	20680
9051	24029
9051	63
9051	1244
9051	24923
9051	17962
12455	6118
12455	11573
12455	8996
12455	26031
312	14127
318	25808
318	3206
318	21546
318	6086
318	13635
25808	7216
25808	16608
316	3317
316	5966
3317	24524
3317	17893
3317	13406
3317	13605
3317	17236
21316	317
319	1796
2049	12292
2049	3597
2049	3790
2049	3984
2049	9404
2049	14718
2049	15604
2049	13699
2049	3313
7166	321
20973	323
20973	14830
26449	26111
26449	5913
26111	5913
20682	324
20682	10044
10044	8716
10044	6551
10044	13776
10044	20956
10044	20655
325	26701
294	326
294	6616
294	15301
294	24832
294	4682
328	5658
5658	2992
329	25544
25544	13103
24707	23544
24707	15060
23544	14386
23544	26576
23544	10872
23544	16432
23544	8459
23544	12697
23544	23009
23544	3947
23544	18831
20635	6344
20635	9008
6344	24827
6344	25855
4711	25168
4711	25832
4711	3540
4711	22940
4711	1122
4711	19331
4711	17731
4711	17004
4711	24845
25168	26277
19491	22786
22786	26562
23506	14969
3199	17343
3199	9725
17343	9725
17343	274
17343	1349
17343	24853
335	1170
335	16400
335	13683
12025	336
12025	6561
12025	25502
12025	21250
12025	24634
12025	25501
12025	26580
5722	10895
5722	1535
5722	1597
5722	21306
5722	26059
5722	13804
9963	26556
9963	11184
9963	7609
10655	24449
10655	13931
10655	20813
10655	22579
10655	14285
10655	21504
10655	24757
339	2149
339	2244
2149	2244
2149	22767
2244	773
340	24155
24155	2403
24194	9357
24194	3105
24194	21824
24194	8850
24194	24038
24194	7034
24194	25791
24194	22976
9357	26314
9357	25002
344	6573
344	6708
6573	6708
1718	20520
20520	347
348	22491
22491	12022
22491	26366
11990	350
11990	10022
11990	24193
11990	11113
10478	5038
10478	17556
10478	1673
10478	419
5038	13976
5038	22775
5038	13955
5038	1672
5038	17556
13976	13955
13976	11878
9898	352
352	4099
352	23349
9431	23348
354	23728
23728	19110
23728	18988
6468	355
355	4021
355	7005
355	4824
4021	4824
7005	3062
7005	7619
7005	10947
7005	8996
7005	25160
3062	7619
502	356
356	1581
356	22474
21418	360
21418	13981
13981	2791
6266	363
6266	25436
6266	26590
6266	25548
6266	13519
6266	24537
6266	21244
363	7678
7678	15328
7678	18787
24218	364
24218	3817
24218	8812
364	13625
364	2094
2122	366
10296	137
10296	21173
10296	26366
10296	20954
10296	26438
10296	21002
10296	16219
10296	10266
10296	25587
10296	11632
10296	26129
5947	367
5947	7758
5947	15046
367	7758
369	23279
369	1854
23279	23635
1854	26496
1854	6437
1854	1597
265	3595
265	3740
265	21489
265	22560
265	5115
3595	3740
3595	18351
3595	11325
3595	17161
371	23816
371	5344
371	25202
371	26346
372	24131
24131	10867
376	13931
13931	24757
13931	4822
13931	5275
13931	5295
13931	15421
13931	5532
13931	18581
13931	21229
13931	7262
378	1162
1162	6762
1162	20908
1162	12254
379	10332
379	1288
379	24552
10332	1312
3476	15103
3476	7794
3476	12315
3476	12440
3476	15149
3476	8913
3476	26384
15103	8913
15103	24965
15103	12032
16256	12031
16256	9991
16256	24994
16256	20540
12031	863
381	17546
381	25201
381	14618
381	12497
17546	15073
17546	20646
17546	11618
17546	7041
17546	9174
17546	25966
17546	13299
17546	15373
17546	25896
17546	11619
17546	1398
17546	20556
17546	8978
17546	14470
17546	15113
17546	4677
17546	24703
17546	12675
17546	21299
17546	20540
17546	21119
17546	429
17546	24549
17546	23993
17546	4739
17546	1244
17546	24758
17546	6554
17546	26515
17546	296
17546	7601
17546	25934
17546	12719
17546	26286
17546	23722
17546	9338
16895	4165
4165	14802
19997	3098
19997	1741
19997	13194
19997	385
3098	14820
3098	18536
3098	3081
3098	19477
3098	1770
3098	20813
6130	383
6130	20749
383	24646
7073	21813
7073	373
24807	397
24807	5156
24807	6630
24807	6201
24807	26439
24807	12910
24807	14266
24807	4685
24807	5145
24807	19914
24807	16169
24807	25724
21764	384
12038	10792
12038	15320
12038	1270
12038	3049
12038	6549
12038	11982
12038	6012
12038	17232
12038	6351
12038	25630
12038	7088
12038	24067
12038	26298
12038	24451
12038	7042
12038	3024
12038	24838
12038	20970
12038	1485
12038	2645
12038	15095
12038	24544
12038	24944
11065	386
12489	387
12489	8931
3242	22412
3242	9640
22412	24139
22412	6319
22412	12167
22412	1158
22412	14618
22412	12499
22412	21267
22412	9368
22412	1101
22412	7425
22412	25669
22412	4677
25263	21766
20069	25104
20069	22321
20069	8299
20069	12930
20069	13905
20069	18306
25104	1276
25104	2583
25104	8692
25104	19816
25104	23059
1510	16236
1510	14252
1510	5958
1510	12310
1510	3601
16236	688
16236	14618
16236	11010
16236	2943
16236	12320
16236	3781
16236	6464
16236	14780
16236	20299
16236	8500
16236	12310
16236	5925
16236	21458
16236	16199
16236	12876
16236	1226
16236	19924
16236	16876
16236	3193
16236	23194
14461	18230
18230	2382
18230	13897
18230	17121
18230	19590
18230	3022
18230	24130
14718	22682
14718	14758
14718	14540
14718	4493
14718	1709
14718	24726
14718	2020
22682	10425
22682	22720
22682	10237
22682	11508
22682	9381
22682	1545
22682	4895
22682	22617
25657	395
25657	10923
25657	7579
25657	1252
395	10923
395	25477
395	24557
396	3012
396	63
396	25219
3012	4697
3012	63
3012	26516
3012	1365
3012	15098
3012	18697
15535	21261
399	15063
15063	20569
15063	15701
15063	24666
15063	9281
15063	25799
15063	1354
15063	12030
15063	25574
15063	2480
15063	18011
22562	2315
22562	3403
22562	11656
2315	400
2315	3403
15030	3403
15030	21272
3403	9837
3403	21272
3403	23266
3403	25252
10600	17871
10600	13593
10600	1922
10600	17941
17871	17941
18410	12245
17108	13236
17108	11074
13236	1758
13236	11624
13236	17293
13236	11319
13236	15514
13236	20775
5408	1979
5408	7199
5408	20356
19039	21740
19039	18280
23683	406
406	5618
406	8368
19148	17333
19148	2693
17333	23483
17333	17037
409	2982
2982	11917
2982	15854
2982	14806
2982	9200
2982	19485
2982	6523
2982	2913
3268	410
18471	411
18471	22552
411	16285
22552	20702
22552	20808
414	5608
414	15462
414	10182
414	14857
414	11903
414	11904
5608	16896
5608	11903
5117	21257
5117	850
21257	11309
21257	14964
21257	21407
19058	3066
19058	12761
19058	3524
3066	415
24526	3536
24526	25436
3536	2763
3536	20560
3536	25563
3536	9962
3536	20121
3536	17401
3536	23114
2763	6023
2763	8559
2763	3585
2763	25373
2763	25433
2763	2466
11883	9101
11883	3881
418	12289
3537	1867
3537	14923
3537	6273
3537	13422
3537	24361
1867	5669
1867	6273
1867	2056
1867	23844
6273	14923
6273	13422
14923	23844
13422	23844
13422	5669
23844	3147
776	3329
776	17963
776	4187
776	5398
776	6794
776	17826
776	8864
776	20186
776	11608
776	15034
776	26221
776	14814
776	17754
776	19021
776	11594
776	20395
776	17784
776	24704
776	26322
776	24722
776	24687
776	22053
776	26254
54	25686
54	6994
25686	24166
25686	6006
25686	9195
25686	1985
25686	10263
25686	10665
25686	15649
25686	8906
25686	6540
25686	26535
25686	25264
25686	6034
25686	16612
4367	422
4367	19575
18249	23929
10067	425
22701	8952
22701	13597
22701	15624
22701	9720
15523	427
15523	1679
15523	4592
15523	13534
15523	21050
15523	193
429	18038
429	24555
9120	430
6319	1338
6319	9174
6319	18532
6319	7098
1338	2307
10806	1706
10806	15312
10658	6568
10658	6765
6568	24868
6568	12438
432	12438
432	24638
12438	1297
12438	24638
12438	6765
12438	4606
12438	5464
12438	20621
12438	21267
12438	22788
435	24440
435	21266
362	437
438	15819
438	14740
15819	26618
20228	26618
20228	16806
26618	2800
440	2489
440	15388
440	630
2489	23694
1648	12420
13126	19002
19002	18403
18972	4202
4202	19679
14248	445
14248	1637
14248	19147
246	446
449	26609
449	21816
449	5486
26609	10439
26609	19206
26609	12460
26609	10648
26609	19288
26609	560
450	131
450	10701
14080	451
14080	15964
14080	21221
451	18523
452	21220
452	16615
21220	16615
21220	17748
459	23622
22611	4764
22611	8837
22611	17202
14906	17188
17188	14907
463	353
22524	24485
24485	10289
24485	14546
24485	20656
464	20656
20656	3760
3589	467
3474	18702
3474	21188
3474	2344
3474	16837
3474	12257
26385	12318
26385	25800
469	4912
469	16347
469	9200
469	4825
469	4541
469	4967
469	18000
469	18611
469	12237
469	23467
469	3308
469	13162
4912	4541
16347	18611
16347	18000
16347	2789
9200	4825
9200	9992
9200	4541
9200	18018
9200	9159
4825	1074
4825	18611
4783	470
4783	4802
20922	24112
25141	472
25141	14399
19439	14036
19439	13739
19439	26353
15072	473
15072	20660
15072	1057
15072	19435
15072	20673
15072	17961
15072	5340
15072	24536
15072	24669
15072	11581
5062	475
3635	477
3635	15923
478	12399
478	6173
12399	5976
12399	16406
12399	22086
12399	24800
12399	3919
4697	63
22197	18271
22197	7410
22197	5209
22197	22084
22197	480
22197	16371
22197	25014
22197	19657
18271	480
21447	11969
21447	5490
11969	1392
11969	5490
11969	10433
11969	11301
11969	11305
11969	4675
11969	25825
11969	5839
11969	19384
10439	21108
10439	12174
10439	3351
10439	6766
10439	7233
10439	4335
10439	7615
10439	7481
14575	11085
14575	627
14575	5940
14575	14668
14575	11958
14575	5468
6616	25943
6616	8971
6616	1232
6616	12239
6616	20668
6616	24625
7693	1208
7693	20939
7693	17225
7693	5936
7693	6780
7693	18864
7693	3776
7693	21677
1208	14664
1208	15816
1208	21271
1208	14679
9945	484
9945	22667
484	3776
20939	15888
20939	12514
20939	8551
2480	3328
2480	2746
2480	6539
2480	5696
2480	10615
2480	17559
2480	25911
2480	20569
2480	20884
18672	2869
2869	487
2869	5774
488	13411
17769	22864
22864	16630
22864	12740
22864	3084
22864	6613
22864	3015
22864	12138
22864	13749
22864	26074
22864	25241
6607	489
7593	491
491	93
491	18561
93	7901
492	19261
494	17344
495	15251
26223	4766
26223	616
26223	18773
26223	18366
26223	10615
26223	2843
4766	13029
4766	23178
4766	13749
4766	13218
4766	12302
4766	11229
10803	496
10803	6663
10803	3999
496	3999
3999	6663
21707	19133
26290	22985
22985	17409
22985	16205
22985	1549
22985	498
10896	10661
10896	10502
10896	12688
10896	23473
10661	14607
10661	16468
10661	13428
10661	6706
14022	14319
14319	2952
14319	16344
24794	19338
24794	16085
24794	26029
24794	8780
19338	26029
26287	500
26287	8780
501	13453
23453	503
23453	19669
503	15608
504	19397
19397	10204
19397	24948
2953	13821
13821	15506
23187	505
23187	18476
23187	10229
23187	10893
23187	13933
505	4611
7873	23452
23452	507
508	21024
24727	509
20518	11179
20518	7605
11179	7605
11179	11987
511	19955
511	9714
19955	9714
8417	513
5358	15016
5358	514
515	19297
19297	7175
19297	9288
17352	516
17352	24328
17352	15647
21627	26564
26564	517
517	16170
517	24168
517	154
16170	4680
16170	7025
16170	1264
16170	21251
16170	24168
5897	518
5897	17521
5897	23110
5897	23528
2525	18252
2525	9143
2525	2373
2525	2746
2525	11220
18252	11220
519	12095
519	21787
519	23332
12095	16903
12095	20112
12095	23751
12095	2872
6594	19378
19378	2777
19378	24275
621	23125
23125	26335
12140	14462
12140	520
12140	16462
12140	8861
12140	9784
12140	23652
12140	12177
12140	8550
12140	18306
12140	423
12140	22828
14462	423
14462	13344
14462	20494
17095	13240
17095	521
17095	2405
17095	5976
13240	14345
13240	521
18984	521
18984	11636
18693	21179
18693	17868
12837	12218
547	3648
3648	524
16094	8728
16094	23487
8728	1557
8728	10706
8728	526
528	22172
528	10532
22172	16380
22172	12949
22172	10532
21813	18561
21813	1245
21813	22912
21813	7018
21813	12764
21813	20820
21813	25747
21813	10098
21813	18205
18561	17280
18561	18783
18561	17191
18561	9645
18561	18582
18561	12304
18561	3358
18561	14980
18561	11566
18561	21322
18561	23388
18561	24367
18561	18608
14758	7708
14758	21130
17031	17561
17031	15962
17031	531
17561	24246
7457	533
534	22917
534	23700
534	1076
535	20242
535	11171
19475	536
19475	4659
19475	17945
19475	23957
19475	13350
19475	9369
19475	24894
537	1688
23192	538
23192	14528
538	667
540	3797
541	5491
542	17313
17313	4067
543	9537
543	5790
543	5697
543	21498
9537	1730
544	17297
544	22367
544	18753
544	14368
17297	7075
13478	13684
13478	4935
13478	5775
13478	14852
13478	23573
13478	13482
13478	16859
13478	19815
13478	12086
13478	23154
13684	20374
13684	6667
545	11649
545	10091
11649	19548
11649	20249
546	23832
546	22761
23832	11549
23832	22761
23832	16954
23832	4835
22761	7347
22761	16701
20570	14431
14431	548
548	14151
13972	549
549	14057
549	12554
549	22707
549	23737
14590	551
14590	21696
551	6749
551	21696
551	23767
551	17797
551	17982
551	775
16575	4851
4851	1905
4851	9631
4851	19170
4851	8197
10979	677
10979	5466
10979	23604
10979	9776
10979	18746
10979	11237
10979	21568
10979	25612
677	24832
677	4677
677	7460
1905	553
1905	9186
1905	2343
16806	11201
16806	6438
16806	10207
16806	2664
16806	20251
16806	14814
16806	23866
16806	2927
16806	21949
16806	22017
16806	24922
18476	4471
18476	23042
18476	7817
554	15442
15442	3478
15442	16108
15442	6001
15442	12627
15442	25189
15442	4181
15442	15479
15442	16533
15442	12983
15442	13163
15442	17922
15442	7996
15442	4122
15442	13081
15442	20620
15442	1526
15442	20522
15442	24977
15442	26268
555	2802
19112	10206
559	14229
559	15652
559	13296
13296	15652
13296	23615
13296	15507
15652	3161
15652	10126
19206	19288
19206	560
19288	14733
19288	560
19288	9839
19288	22649
19288	25074
19288	22705
19288	12460
7406	16756
562	22105
562	24525
22105	24525
22105	22156
6255	13066
6255	13065
13066	565
13065	565
8446	17768
17768	5486
8257	566
8257	19153
9677	743
9677	5942
9677	12776
9677	567
2756	16367
2756	568
16367	13370
570	9482
9482	11874
9482	9451
571	25896
571	3600
25896	2873
25896	15700
25896	7580
25896	6457
25896	2804
8234	15914
8234	9713
15914	2848
15914	11564
15914	573
4674	575
15393	4088
15393	11140
15393	577
15393	16183
4088	11082
578	20220
20220	3923
20220	9172
14415	579
14415	12826
14415	14816
14415	9724
14415	26726
586	580
586	4074
586	21998
586	15902
586	2846
580	21998
580	4074
21998	13388
21998	8648
21998	19011
4074	8648
582	9572
582	3202
9572	20213
9572	3202
9572	19977
9572	24101
9572	12385
9572	17106
9572	16200
15780	25226
15780	23216
15780	9633
15780	21846
25226	20831
25226	10325
25226	19230
25226	16069
25226	3089
25226	17718
25226	25011
583	21746
583	10157
583	11539
583	2641
21746	11029
21746	8509
21746	19387
21746	6112
21746	16545
21746	8662
21746	16181
21746	6466
21746	15862
21746	11237
21746	14426
21746	2641
21746	947
21746	22871
21746	22919
21746	9538
21746	14618
21746	15328
1034	26709
1034	584
26709	13815
26709	4396
26709	11236
26709	8208
2554	14543
2554	2008
2554	17191
2554	21519
2554	7722
2554	8515
2554	10390
14543	11265
14543	26336
14543	22356
13388	8453
8453	6413
8453	19545
587	12982
22068	4874
22068	6076
4874	20314
4874	7550
4874	644
4874	13165
4874	14945
4874	10947
4874	16853
4874	14336
4874	4085
4874	19137
4874	21834
4874	25308
588	14556
14556	4166
8387	591
8387	24035
8387	16306
26378	10269
26378	11254
26378	26094
10269	4585
10269	5597
592	14432
592	4015
592	11556
592	11044
592	13775
592	26020
14432	3392
14432	2010
14432	8507
14432	12932
14432	2104
14432	25610
14432	10876
938	1697
2097	593
2097	2022
2097	14854
2097	6162
2097	8817
2097	14164
2097	14873
593	11212
596	71
71	13123
71	19010
26555	597
26555	6947
26555	3031
26555	4892
26555	18743
5373	598
23481	599
23481	11135
23481	7569
599	13721
16502	601
16502	15037
16502	23629
16502	830
16502	15368
16502	7827
16502	16451
16502	18633
16502	25666
16502	25472
16502	26157
601	17620
601	21995
602	11408
602	7874
11408	442
11408	12616
11408	4287
11408	4063
11408	12350
11408	16139
11408	16337
11408	16708
11408	20239
11408	9853
11408	25305
10030	442
442	4063
603	17047
603	11875
603	17258
17812	604
604	20753
22131	605
22131	19754
605	5171
605	19754
605	6294
605	19785
605	23443
4295	19778
4295	806
4295	2655
4295	816
4295	12998
4295	18073
4295	7951
4295	17837
19778	2184
20176	17406
20176	7673
20176	19919
20176	2840
20176	22998
17406	9339
17406	20449
19919	606
19919	23569
19919	11541
19919	7673
19919	2862
19919	20385
19919	13305
19919	20383
606	20385
16278	607
16278	2390
16278	18639
607	19053
17386	7226
17386	23370
17386	610
7226	609
7226	13151
7226	5001
7226	610
13533	17645
17645	5735
3014	5877
3014	13885
3014	19197
5877	2980
5877	613
2538	6886
2538	1486
6886	10612
6886	9907
6886	616
18879	4376
18879	6829
18879	1486
18879	8835
18879	10357
4376	1494
22731	5886
22731	7111
22731	17412
5886	22747
13788	4544
4544	7570
4544	8103
4544	13770
4544	13722
3932	23547
3932	2039
6206	22321
6206	1361
22321	8686
22321	15399
22321	9361
22321	2462
22321	9747
22321	6207
22321	15774
22321	12073
22321	24366
22321	10985
22321	12259
22321	25250
22321	26012
22321	14198
22321	622
22321	18870
22321	16331
22321	23172
22321	25110
22321	17268
22321	25300
2477	624
2477	4173
2477	14689
6293	8289
8289	626
627	11854
627	12070
11854	8892
5940	628
5940	11959
5940	12565
11959	12565
629	16936
16936	25944
11077	630
11077	2410
630	17345
632	21647
23957	20488
23957	24149
23957	17963
23957	7714
23957	26056
23957	25924
23957	22433
23957	26405
14618	4528
14618	1612
14618	7334
14618	5997
14618	3591
14618	4903
14618	15192
14618	4046
14618	18608
14618	7647
14618	10708
14618	8770
14618	9595
14618	523
14618	10311
14618	19924
14618	17280
14618	24940
14618	16325
14618	24867
14618	13255
14618	4212
14618	21668
14618	20081
14618	22624
14618	19174
14618	25322
14618	20741
14618	23071
23941	635
19998	23278
23278	22163
23278	2877
23278	16342
23278	2034
23278	9766
23278	22743
23278	14242
23278	16870
23278	5518
23278	19418
23278	19898
23278	19952
23278	21775
17432	637
17432	1079
17432	25795
637	25795
3813	13789
3813	17152
9486	14598
9486	639
23093	8936
1254	16827
1254	15658
1254	13399
16827	16842
16827	19239
16827	15110
16827	20898
641	15658
641	1918
641	21258
641	22606
13507	20012
13507	4924
20012	10099
20012	11844
643	19581
643	14460
643	10470
19581	16516
19581	15807
19581	16022
19581	14838
14460	11196
10470	6776
10470	22744
10470	23246
10470	14786
10470	15244
10470	17596
10470	16350
6170	645
6170	6056
646	13678
646	9022
646	4273
646	3350
9022	10924
18647	14422
18647	649
14422	649
14664	651
14664	6975
14664	4237
14664	17624
14664	8195
14664	12273
14664	9526
14664	20120
14664	17802
14664	18985
14664	19102
14664	2865
2059	652
652	967
652	18726
967	14176
1894	5740
1894	16205
1894	18638
654	14147
654	11519
654	13883
14147	2458
14147	11004
25524	1712
25524	8930
25524	2628
25524	4389
25524	21029
25524	20794
25524	15347
25524	11454
25524	8183
25524	15966
25524	20234
25524	21615
25524	21781
655	1136
656	8325
18486	9802
18486	20567
9802	22805
17905	3740
17905	5979
17905	5115
17905	6144
17905	22566
3740	21489
3740	1453
3740	25914
3740	20903
3740	6144
3740	6146
3740	6729
3740	6698
3740	20346
3740	5540
3740	5115
3740	12730
3740	16410
3740	17770
3740	14802
3740	1604
3740	22560
3740	1470
3740	24877
18762	659
18762	13129
2433	663
663	14608
8126	2403
8126	6637
2403	26002
2403	12235
2403	2612
2403	23553
2403	23478
2403	21870
2403	1324
2403	4662
2403	9086
2403	1285
2403	10775
2403	12120
2403	8163
2403	12779
2403	4161
2403	8132
2403	14547
2403	2099
2403	18983
2403	19348
2403	3759
2403	24165
2403	25381
2403	5101
2403	23335
2403	5589
2403	25933
3042	19989
3042	4010
3042	5882
19989	24684
19989	2502
19989	4793
19989	9442
19989	21348
19989	11851
19989	18809
19989	23542
19989	2024
19989	19921
19989	2395
19989	24090
13708	24362
24362	11914
7630	7817
7630	7134
7817	7134
7817	17098
667	3338
3338	7308
3338	21992
3338	16628
3338	3337
19238	668
19238	6669
19238	11109
669	17552
17552	3739
17552	24765
16399	671
16399	15510
16399	19124
671	13683
671	15510
13683	16400
13683	13146
844	811
844	672
844	8068
844	11794
844	19746
13525	15649
13525	235
13525	14933
13525	14323
13525	3081
13525	5360
13525	4347
10788	19589
19589	674
676	12355
12355	678
12355	9869
12355	11522
12355	242
12355	12024
12355	12161
12355	5041
12355	11064
12355	26323
12254	25720
12254	1855
12254	11589
12254	3128
12254	25436
14979	16886
16886	18951
678	11619
18038	15223
18038	24555
17941	680
17941	3622
17941	6028
17941	8866
17941	15680
17941	18630
17941	24520
682	7364
682	9198
7364	6645
11684	683
11684	6686
11684	10389
11684	10352
11684	24431
11684	22223
11684	17410
11684	6679
11684	6991
684	20370
684	25885
684	8755
684	25897
20370	26095
9996	685
9996	6199
9996	19816
8818	19082
8818	18019
8818	8725
8818	11243
8818	5467
8818	16903
8818	2034
8818	8285
2034	11243
2034	1714
2034	2944
2034	2652
2034	8702
2034	18634
2034	2725
2034	15328
2034	18548
2034	9484
2034	7601
2034	15197
2034	5627
2034	16903
2034	19322
2034	18339
2034	24298
2034	23293
11243	16903
26324	21828
26324	19484
26324	9736
26324	1875
26324	19220
26324	6449
26324	20128
26324	20636
688	1754
688	9125
688	23114
688	9265
688	18454
688	5334
1157	21017
1157	17846
1157	9305
11693	691
11693	8858
11693	10119
5335	8802
5335	14716
8802	1334
8802	21494
696	9840
696	25405
9840	25405
18521	13897
18521	2806
13897	22628
13897	17332
13897	18793
13897	697
13897	13969
10980	701
702	19006
702	25475
19006	25475
25475	3298
25475	3
703	26684
26684	3247
26684	16909
20206	17599
17599	12596
704	705
704	19196
705	7465
705	8103
705	19196
705	21373
15830	12843
707	706
707	6220
706	6220
706	5151
23862	2614
23862	708
23862	6249
2614	23447
708	6249
708	25600
708	8016
1605	710
15595	711
15595	13067
711	13067
725	16735
725	712
16735	712
12157	6698
12157	3739
12157	1470
714	16647
714	792
4504	715
4504	3713
4504	3658
4504	2162
715	2162
715	3713
2162	25045
2162	3658
3082	12916
3082	12906
3082	15577
12916	750
12916	18072
12916	5246
12906	6301
12906	8077
12906	750
3938	718
18512	8032
18512	11527
18512	12984
8032	6892
8032	12984
720	19710
720	18082
7441	18082
7441	2214
18082	22174
18082	2214
721	26278
721	9611
721	4260
721	11862
26278	24363
23863	16314
23863	6288
23863	17283
23863	18204
23863	8472
16314	17971
16314	10642
16314	23845
824	722
824	5610
824	6267
824	5248
722	15569
722	200
722	5248
15569	6245
15617	724
8090	4455
8090	2222
3651	2294
3651	7851
2294	3659
2294	11769
13645	16705
13645	728
13645	19726
8328	1502
8328	730
8328	21039
8328	10114
8328	14213
8328	140
8328	22921
8328	8260
1502	7473
1502	17409
1502	15892
3617	2891
2891	1203
2891	731
732	16687
732	24469
732	13097
732	1061
732	24972
16687	24469
19744	11441
19744	12901
11441	18186
19618	734
19618	13041
734	13041
734	7837
735	2291
2291	7394
736	12985
12985	18032
737	15183
737	1201
738	4259
4259	2277
4259	7861
8849	4462
8849	3683
4462	3683
4462	18099
11989	3683
3683	18099
741	26660
741	10552
10514	25015
22091	4086
22091	4069
22091	3673
4086	22179
4086	3673
19616	745
745	24982
746	15558
8089	7424
8089	748
8089	6493
748	6238
748	17024
749	5191
5191	12825
6301	15577
750	15577
7871	11766
7871	753
11766	753
16682	22160
2308	24261
24261	26566
755	19649
26240	19681
19681	11774
4512	757
5213	758
2069	760
2069	22088
2069	466
760	22088
762	63
762	1347
63	17485
63	1362
63	21887
63	16176
63	9740
63	15098
63	10526
63	4198
63	18697
764	853
764	10577
764	13046
853	10577
853	2146
770	765
770	7913
765	7913
7431	766
7431	3800
767	6225
767	7862
6225	12396
6225	18483
6225	24471
7081	2217
7081	10403
7081	22800
7081	24690
5261	25631
5261	25060
5261	769
25631	25060
7161	25401
25401	772
774	13061
774	23873
774	18132
13061	13021
13061	18132
14252	775
14252	22222
14252	22106
19755	13074
19755	3491
13074	777
13074	12900
778	4467
778	6297
4467	6297
4467	23431
6297	7834
6297	6291
6297	8049
6297	10521
780	11798
780	24657
780	10608
780	10547
11798	10608
10608	10547
6242	781
6242	2762
6242	7966
6242	18052
6242	18102
781	18088
781	2762
782	15610
782	8091
15463	1376
15463	783
18507	20052
18507	2834
18507	7093
18507	10168
18507	10089
18507	24578
18507	8454
20052	2328
20052	3198
20052	12227
20052	8927
785	789
785	12978
789	25012
789	22008
789	2983
789	19598
789	15605
25012	14624
25012	2983
786	7934
786	2144
788	12794
788	12836
790	3809
3809	19756
3809	8000
19756	2573
23447	8507
23447	18131
5253	791
5253	754
791	15571
2841	1721
2841	1468
1721	19624
1721	2177
1721	795
2177	19624
2143	19653
20860	6209
6209	798
6209	1544
6209	4534
25407	19859
25407	4581
25407	15451
25407	26151
25407	5838
19859	7995
19859	17785
19859	25840
8017	22132
8017	799
16722	800
16722	727
16722	26679
800	727
801	19785
19785	23443
802	2765
802	18035
2765	18035
806	5172
7980	7951
7951	12998
11708	808
11708	7878
808	7878
6744	809
6744	10772
6744	20450
26404	19069
26404	15900
26404	20450
26404	15677
19069	21363
19069	20450
19069	15900
7265	3485
7265	8859
7265	25356
13094	810
810	23900
11155	25336
11155	12116
25336	23900
25336	23650
25336	15418
2279	15593
2279	812
15593	812
24060	13052
24060	814
24060	19760
13052	19760
815	1058
18140	23982
18140	816
10480	21450
21450	817
22367	10429
22367	818
22367	12810
22367	16362
22367	18753
22367	11725
10429	11241
2165	820
2165	1215
2165	7898
2165	22079
2165	4
2165	24390
2165	16723
820	24390
18171	821
18171	23869
5610	6615
5610	4010
5610	13903
16439	825
825	25726
825	6222
25726	25039
6222	17967
6222	822
11094	3115
3115	21546
3115	24081
3115	5893
3115	6829
3115	13665
3115	23354
3115	25172
17724	16239
16239	13132
16239	10742
16239	830
21780	830
21780	20383
21780	21628
21780	21401
21780	17487
21780	9351
830	5210
830	10742
830	14032
830	1519
830	18418
830	2005
830	20961
24133	2545
24133	832
24133	7384
4958	943
4958	1373
943	12857
18075	834
18034	835
836	10515
836	5255
10515	8046
12869	837
12869	10114
837	10114
837	10507
837	4029
837	19732
10114	23906
10114	10734
10114	3828
10114	17453
10114	7286
10114	6798
10114	19072
10114	200
10114	18655
10114	12898
10114	12715
10114	5163
10114	16266
10114	1209
10114	14626
10114	14378
10114	13511
10114	4346
10114	6722
10114	12657
10114	23145
839	4491
7436	840
7436	22137
7436	12991
3715	10563
3715	22137
841	19698
841	11761
19698	11761
842	18221
3376	24251
3376	2697
3376	14768
3376	5571
24251	4274
24251	14346
24251	4928
24251	7243
6045	843
6045	2015
10041	4429
4429	21939
4429	14714
4429	21712
4429	2854
4429	2502
21445	846
21445	12087
846	847
846	19162
846	10256
19161	1770
19161	13518
1770	899
1770	14241
1770	9740
1770	12026
1770	1749
1770	12052
1770	14523
1770	14820
1770	22936
1770	10237
1770	19134
1770	20038
1770	563
1770	8721
1770	11245
1770	23313
1770	11283
1770	22476
1770	13572
1770	7289
1770	4389
1770	15039
1770	9460
1770	16754
1770	17690
1770	4808
1770	20060
1770	8879
1770	10407
1770	17191
1770	21593
1770	24193
1770	24282
1770	6534
17404	14788
14788	867
11700	848
11700	25782
16908	25782
16908	14418
16908	24487
25782	7240
25782	19869
25782	17627
16400	1170
16400	24812
16400	22435
849	21021
21021	8562
7262	23743
7262	5995
7262	25156
7262	23112
7262	5404
7262	24853
7262	7218
7262	17863
7262	21688
7262	10373
7262	9106
7262	4101
7262	10384
7262	3104
7262	25987
7262	26551
7262	20610
7262	25958
7262	14755
7262	16835
7262	24097
7262	25214
7262	1794
7262	25262
7262	25584
7262	26003
23743	25616
23743	5404
23743	6190
23743	19223
23743	8107
23743	3422
23743	21688
23743	23534
15044	14467
15044	15438
852	20979
20979	26050
857	12000
2158	3467
2158	858
3467	858
3467	16642
859	3231
859	939
3231	3859
3231	4194
3231	5222
3231	11956
3231	5548
25734	24642
24642	860
863	11619
863	13395
3050	865
3050	26439
865	24938
866	4054
871	22189
871	18304
22189	23438
22189	18069
7643	9916
7643	872
9916	872
873	13799
13799	16820
13799	21096
19811	6371
6371	24655
6371	12055
6371	13023
21045	21138
21045	9504
21138	24655
21138	16190
21138	22113
21138	21604
21138	18864
21138	773
21138	21118
16361	876
16361	19522
16361	2005
16361	17884
16361	17739
16361	21239
16361	21665
16361	26370
16361	6598
5995	8908
26494	12205
12205	8908
1532	18948
1532	25379
1532	11484
1532	17109
1532	21572
18948	10292
18948	25379
18948	21512
877	17888
17888	18012
1798	878
20011	8729
20011	11054
20011	24421
20011	12002
20011	12771
20011	15710
8729	2784
8729	20940
8729	24734
879	19956
10440	880
10440	5271
10440	26038
10440	22930
10440	15841
880	10759
880	26596
10849	881
10849	16265
10849	13675
10849	10779
10849	11679
9502	14842
3119	5988
3119	18251
3119	6849
5988	6848
12931	882
882	16387
883	23221
883	1348
883	21012
23221	3631
18608	2948
18608	6599
18608	20652
18608	26605
18608	22411
885	12209
885	26568
885	15028
885	20954
885	9064
12209	11260
12209	25939
26568	24724
26568	22742
26568	20954
15028	20954
12160	6660
12160	887
19602	12804
19602	3681
12804	888
12804	19797
12804	3681
889	6611
890	10782
9419	892
16444	893
16444	7964
16444	12960
896	9680
1739	2907
2907	898
2907	2822
2907	19070
2907	9949
847	8274
16178	16175
16178	1199
16178	18225
16178	6179
16178	20168
16178	13643
16178	8447
16178	20867
16178	21149
16178	7246
16175	1672
16175	20895
19816	903
19816	24356
19816	21990
19816	4251
19816	22950
19816	24304
903	3457
903	3195
903	6199
13900	25747
13900	1836
13900	4679
13900	26020
25747	15660
25747	1601
25747	5328
25747	2641
25747	18746
25747	25640
25747	18323
25747	18976
25747	15402
25747	10000
25747	6906
25747	25612
25747	9569
25747	25214
25747	8205
25747	16414
904	2890
23616	905
16790	906
16790	10541
16790	10607
906	10541
2924	907
2924	1740
6496	908
6496	5243
22626	909
22626	2899
909	13712
909	24696
19773	23864
19773	15611
19773	12808
23864	12808
23864	911
912	23500
912	14931
23500	13887
914	2061
5023	915
915	21208
915	5083
21208	5149
21449	19300
21449	7762
21449	25458
21449	26696
19300	26503
917	22770
917	13347
917	17062
917	9894
917	9971
22770	10121
22770	14833
22770	26226
22770	14786
918	23526
23526	4062
22441	6785
6785	16689
2976	920
21521	921
921	18331
24384	924
24384	18131
24384	11154
19411	925
925	6423
2649	7648
2649	4686
2649	12629
2649	5756
7648	5018
926	5756
926	12629
929	21635
929	21946
929	25786
929	12101
929	13122
929	2838
929	17514
929	25561
929	19872
929	17988
21635	6821
21635	15848
4602	931
931	2282
931	25633
931	6842
1861	25633
25633	1109
25633	22954
25633	21244
25633	10358
25633	13304
25633	21019
2282	2264
2282	8229
13255	7358
7358	1312
7358	22889
933	41
41	17610
26715	913
26715	1775
26715	5864
26715	6791
26715	7002
26715	18047
26715	18765
26715	21548
26715	934
26715	17191
26108	23629
23629	6734
22167	936
22167	18141
936	134
936	1882
939	20842
939	7550
939	16853
939	16044
939	12294
939	19205
939	20353
939	3069
941	14496
942	12749
942	19459
12749	19459
2255	21696
2255	8079
2255	18079
21696	16281
21696	11351
21696	18975
21696	25342
21696	21898
21696	7681
21696	2366
19711	796
12174	7233
12174	19962
12174	22908
12174	23206
12698	2999
2999	5643
5643	6369
12873	24319
12873	15802
12873	947
22228	19110
22228	2431
22228	25840
22228	1471
22228	17060
22228	13579
22228	24188
19110	7154
19110	4433
19110	17525
19110	16418
19110	6845
19110	16486
19110	5555
19110	11654
19110	19831
19110	16472
19110	5921
19110	22230
19110	4549
953	13886
4153	7040
4153	4218
4153	10211
4153	11881
4153	14284
7040	14284
959	9909
959	10105
959	12781
10105	12781
17045	4770
17045	18369
14137	5983
14137	961
5983	5766
5983	961
5983	11465
5983	23559
961	5622
16581	962
16581	19354
16581	17194
16581	20036
10143	963
10143	20417
964	6135
964	25356
964	7334
964	2445
964	12570
964	2803
964	17822
964	16014
964	16216
964	6460
5477	1266
5477	5278
965	3528
7706	6531
7706	14237
7706	9073
7706	14724
7706	18579
7706	7051
6531	24601
6531	21663
6531	11594
6531	5256
6531	12199
16932	17204
17204	3760
17204	8531
17204	24368
17204	950
7009	4963
7009	1528
7009	22756
14176	15032
14176	18687
14176	12406
24166	26366
24166	24941
24166	24067
19517	16907
19517	22673
16907	1913
16907	26214
16907	968
16907	12602
16907	7760
16907	17336
16907	11936
16907	7674
20412	1597
1597	2651
970	1914
970	2651
1914	2651
4791	972
4791	16187
972	4055
973	2152
973	16714
973	25122
973	25165
2152	18078
974	17530
17530	8184
17530	21769
11308	975
11308	4141
11308	25185
15748	976
15748	3934
976	13554
976	12770
976	4051
12770	3934
12770	6174
12770	18875
977	19057
2324	24417
24417	11334
24417	10494
24417	14965
24417	22764
1724	982
1724	22915
1724	9549
982	18704
984	946
946	4926
4926	13338
3634	12515
3634	985
3634	15015
3634	8442
15015	15922
15922	15018
20383	8341
20383	1046
20383	23569
20383	21569
20383	26590
20383	17680
20383	22450
20383	9848
20383	16593
20383	5050
20383	23249
8341	12155
9211	20813
9211	8990
9211	15719
9211	232
9211	23114
9211	20359
20813	4335
20813	3180
20813	17589
20813	19198
20813	26143
6891	23059
6891	26668
6891	2640
6891	1265
6891	20499
6891	14850
23059	2640
26229	2140
26229	986
2140	986
7882	986
986	2157
987	13749
13749	5834
13749	20582
13749	6464
13749	20911
13749	5671
5834	11080
5834	20582
26020	22213
26020	1847
26020	11117
26020	19571
26020	7931
26020	8485
26020	11174
26020	22536
26020	24254
22213	9242
5048	17084
5048	989
5048	2375
989	5382
16997	12796
16997	17605
16997	21213
16997	14344
12796	990
2739	21742
21742	4752
21742	1520
21742	4274
21742	5098
21742	3975
21742	6515
21742	13775
21742	18365
21742	19089
21742	22366
5357	25553
5357	1838
5357	20765
25553	20685
25553	8991
25553	25538
25553	13562
25553	5998
16523	19084
19084	9700
19084	25383
19084	16460
2005	14301
2005	14312
2005	19210
2005	2435
2005	2791
2005	7231
2005	21995
2005	4816
2005	17606
2005	10817
2005	10474
2005	994
2005	18417
2005	9877
2005	6757
2005	26288
995	114
995	20298
114	3280
22356	10408
22356	21616
22356	20636
22356	4279
22356	12787
22356	25640
22356	9785
22356	16093
10408	5474
10408	16117
10408	15785
10408	10405
10408	4362
10408	10543
10408	15296
10408	8168
10408	10930
10408	16573
10408	15794
10408	2497
10408	18534
10408	9740
10408	5406
10408	22328
10408	6031
10408	21070
10408	13827
10408	24504
10408	11874
9349	21771
9349	21327
21771	22196
21771	5642
756	997
25133	998
25133	5963
3370	12531
3370	22815
12531	1000
978	6908
6908	11880
6908	14235
6908	22546
6908	15150
6908	15385
6908	2395
3620	8483
3620	9147
3620	7169
3620	22247
8483	25978
1002	14451
14451	18338
14451	14023
1447	1003
1447	14584
1447	9913
1447	23191
1447	23800
1447	23589
1006	17300
50	25261
50	20215
50	17090
13857	5006
13857	23450
5006	23450
4991	458
4991	1010
4991	3363
14411	1010
14411	3255
14411	13325
14411	22661
1010	17041
1010	13148
1010	19264
2990	5920
1012	23318
18880	1014
5782	1016
5782	20344
1017	17554
1017	11188
17554	12518
17554	9492
1021	7401
1021	22343
14985	24238
14985	210
24238	1022
24238	210
1024	23536
8659	14188
8659	5004
8659	7841
14188	2487
14188	14966
14188	6804
14188	24446
1028	12327
12327	10403
3586	8379
3586	4092
8379	9710
8379	2948
8379	23691
17893	24775
17893	6887
17893	7296
17893	25185
17893	25723
17893	25136
17893	25976
17893	26434
17893	26512
17893	26652
24775	24190
24775	25723
25136	1030
25136	24190
25136	26512
25136	20843
12662	12089
8251	1032
1032	4548
12292	14198
12292	18835
15750	9759
9759	3158
9759	8129
9805	7502
9805	20845
9805	113
9805	15849
9805	15407
9805	11264
7502	1709
7502	16892
7502	3875
7502	14482
7502	7581
7502	18676
7502	16569
7502	20269
7502	8129
8208	5587
8208	16429
8208	8905
8208	17461
18661	1037
1037	2679
8632	1039
8632	9853
8632	9851
8632	16064
8632	17228
8632	11712
1039	10748
7034	2633
7034	24054
2633	24054
2633	24769
17951	13155
1041	6807
4007	5432
4007	2115
4007	1042
5432	9371
5432	17648
4010	1043
4010	5372
4010	15794
4010	20639
4010	1484
4010	22485
4010	23827
4010	13802
1043	10676
1043	17016
18400	20603
18400	5787
18400	4603
18400	14885
18400	11378
18400	20236
18400	8477
12865	24286
24286	19089
13758	1044
1044	11806
3956	3796
3956	19010
1802	11063
1802	1163
1802	297
1802	6000
1802	15089
11063	10737
11063	8716
11063	24770
26302	1049
1049	7059
1050	3201
3201	11808
24356	11004
24356	9754
24356	5084
24356	8404
24356	4251
24356	3219
24356	8031
24356	16784
24356	17612
24356	22025
11004	1615
11004	3181
11004	5959
11004	9351
11004	13883
11004	22689
11004	13905
11004	8606
11004	13204
11004	9964
11004	1067
11004	15031
11004	5931
25845	14455
25845	3198
14455	1945
14455	18190
14455	3198
14455	17819
1052	19221
19221	7662
7662	5981
7662	7670
7662	1997
1054	24550
24550	10634
24550	14895
24550	5067
24550	21897
24550	9299
24550	4582
4130	1055
19481	19409
19481	16458
19481	11014
13097	24972
2787	11603
2787	16071
2787	19555
2787	9150
2787	15278
2787	15324
2787	8501
11603	7154
11603	9845
11603	11868
11603	15414
1063	9150
15489	20413
1064	14861
1065	4567
6737	1066
6737	18729
1066	1895
24649	9351
24649	3195
24649	12262
24649	16464
9351	1235
9351	16795
9351	7971
9351	22368
9351	8952
9351	16794
9351	10190
9351	4773
9351	8054
9351	10972
9351	4257
9351	5931
9351	19379
9351	26647
9813	1068
1068	23328
11016	1069
11016	22396
1069	22396
25159	4285
25159	23582
3841	956
3841	2752
3841	12340
3841	12068
956	12128
956	23570
956	2752
956	13680
956	26454
956	8177
1071	16457
16457	4550
16457	1072
16457	2524
16457	958
16457	26525
9943	1073
1073	9942
1073	13841
11633	14280
11633	8709
11633	16970
14280	7642
14280	19336
19336	18562
4541	19582
4541	6402
23700	2864
1076	2864
1076	5379
17891	13350
13350	1331
13350	9042
13350	12504
23389	1081
21621	1082
1084	7381
7381	3003
7381	12054
7381	14407
7381	19374
7381	23331
7381	17676
7381	25968
5404	5891
5404	19223
5891	19908
14361	5487
14361	9950
5487	20591
5487	13490
5487	4921
5487	16817
21489	9190
530	1086
1086	8674
1089	12955
1091	17747
17747	1465
1092	3195
3195	15324
3195	3160
3195	8334
3195	6411
1094	18545
12816	4034
12816	1095
12816	24928
4034	1095
4034	12929
4034	24928
1095	12929
18370	1096
18370	24804
5106	1097
5106	23717
5106	19036
5106	22262
1097	22262
1100	14397
14397	7065
14397	11490
1814	26107
1814	3004
1814	15098
1814	18697
1814	4836
1814	1365
1814	13718
4613	2455
4613	2624
2455	1102
1102	2624
12894	1105
25917	25998
1109	9052
22954	25707
26307	1110
26307	24927
1110	5991
24927	5991
1111	1473
1111	5509
1473	20481
1473	5906
1473	12222
1473	15826
10591	15762
15762	3077
15762	13294
15762	25673
15762	2690
15762	9155
15762	22940
15762	666
15762	1477
15762	12061
15762	25167
15762	25926
6452	5990
6452	9197
6452	8919
6452	4593
6452	4709
6452	1312
6452	10684
6452	5998
6452	23114
6452	552
6452	12028
6452	17993
6452	24220
6452	26181
6452	24093
6452	10921
5990	2530
16377	1114
16377	4464
1114	4464
8940	1116
1116	24064
23475	1117
1309	15078
15078	15073
15078	25459
15078	14463
15078	1404
15078	20740
15078	3051
15078	9354
15078	8721
15078	24149
15078	25565
15078	8476
15078	7591
15078	3473
15078	11586
15078	8413
15078	11097
15078	25465
3110	1119
3110	3442
3110	25970
3110	2519
3110	6365
3110	3046
3110	6434
1119	4758
11911	1120
11911	9631
1120	9995
1120	5292
1120	10003
2988	12214
2988	9995
10121	10124
1124	7820
7820	4518
7820	5173
7820	25288
8686	25072
8686	25899
8686	3395
8686	6625
8686	1427
25072	1125
25072	20438
7601	15049
7601	10095
7601	10663
7601	8505
7601	15674
7601	26139
7601	1452
7601	576
7601	18298
7601	21785
7601	6034
7601	18908
7601	24032
15049	9226
1126	13925
2458	1334
2458	7
2458	23415
2458	8394
2458	22641
2458	10501
2458	14291
2458	19817
2458	4043
1334	7
1334	9337
1334	10327
21301	20153
21301	25997
20153	25997
1127	9256
9256	7248
7248	7736
7164	1130
7164	11593
7164	25194
7164	12737
7164	7430
7164	1386
7164	22832
7164	2309
7164	9205
7164	25640
7164	21809
7164	12736
7164	25695
7164	25900
7164	25895
1132	12287
12287	24121
18431	1133
18431	23539
18431	11857
1133	11857
1133	21965
1133	15681
23539	11868
1134	26300
1134	8985
1134	20565
1135	23270
1135	24597
23270	24597
17659	25228
17659	1137
17659	21065
17659	12784
17659	8495
17659	15457
17659	22500
17659	25489
25228	1790
14544	8118
8118	18697
25194	1981
8889	8901
8889	1841
8889	22939
8901	24638
6759	1139
6759	7663
6759	9056
1139	9056
1140	17249
17249	4335
17249	2374
17249	25866
4335	3144
4335	4167
4335	12640
4335	15898
4335	15980
4335	15179
4335	17907
4335	26106
4335	26200
1855	10996
1855	12030
18671	24120
25201	9183
25201	24123
25201	20764
7206	1143
7206	314
25871	24149
25871	5135
25871	24853
25871	25419
25871	21883
25871	24067
25871	12454
6934	16995
6934	22351
1148	20892
20892	5194
20892	12943
20892	3876
20892	25328
20892	5577
20892	25644
20892	15320
20892	11544
20892	11580
20892	14550
20892	15399
20892	21617
20892	21354
20892	18444
20892	17029
20892	8299
5194	2274
5194	2243
7275	26558
26558	12439
26558	26003
26558	24718
12245	20475
14241	16876
14241	7002
14241	9955
14241	4415
14241	17191
14241	7726
14241	20755
14241	21697
14241	25107
1180	20875
17191	14172
17191	2485
17191	17940
17191	23553
17191	5470
17191	3994
17191	2009
17191	10965
17191	16876
17191	11574
17191	11951
17191	21394
17191	13409
17191	1749
17191	18540
17191	3116
17191	18711
17191	20200
17191	20509
17191	26338
17191	21488
17191	23666
17191	10181
17191	24575
14172	3886
14172	7507
14172	25229
14172	15079
14172	21176
1150	7374
22787	1151
22787	2844
3640	1152
3640	2119
2119	13512
4620	1153
24547	24673
24547	25134
24547	5394
24547	9078
24547	14504
24547	20273
24547	15062
24673	862
24673	7444
24673	25179
24673	17419
24673	22563
20273	1155
20273	19333
17872	26026
17872	22803
26026	24555
26026	12283
4614	15815
3303	9098
9098	7268
9098	9173
9098	9346
9098	12026
9098	25448
9098	26114
9740	11874
9740	11805
9740	18348
9740	2858
9740	5765
9740	23073
9740	10277
9740	2098
9740	26690
9740	9741
9740	7726
9740	23735
9740	5461
9740	15776
9740	16896
9740	18434
9740	15325
9740	22326
9740	1131
9740	2497
9740	14773
1158	23485
1158	12257
1158	18120
23485	6309
23485	18421
21358	1159
21358	19918
21358	23581
21358	22420
21358	11601
21358	7212
21358	13354
1159	8427
1159	9233
1159	7263
1159	12367
20314	13497
20314	14131
20314	1709
20314	16853
2740	1161
24000	6552
24000	8900
24000	15296
24000	2858
24000	5745
24000	26432
24000	25494
1419	1166
10881	14705
10881	7098
10881	23114
10881	12098
10881	12759
10881	8714
10881	2893
10881	16023
14705	1167
14705	24298
14705	6668
14705	6462
14705	14209
14705	11147
14705	665
14705	20739
14705	2893
1168	24724
1168	3117
24724	2328
24724	3282
24724	9255
24724	15228
24724	3117
24724	17901
24724	6845
24724	19345
24724	25618
24724	20027
24724	2312
24724	24127
24724	1272
24724	25347
24724	24040
24724	24656
24724	12319
3117	24040
3117	24958
24216	1171
24216	22956
20348	1173
26360	1174
20933	20925
20933	6035
20925	17861
20925	689
20925	9176
1176	25261
25261	26653
25714	1177
25714	20555
1177	10666
1177	20555
15238	20684
15238	1178
15238	16841
20684	16841
1178	20346
10667	1179
10667	22559
10667	5017
10667	6041
10667	6432
14802	2564
14802	4878
14802	2195
14802	23254
14802	3163
14802	3096
14802	16601
14802	16158
14802	21310
14802	16216
14802	23558
1181	18805
18805	7660
6457	1182
6457	16322
6457	4486
6457	25198
6457	7042
6457	4677
6457	8879
6457	4731
1182	8217
1182	1772
1182	15003
20604	19976
20842	24035
20842	26690
20842	15394
20842	12609
1183	24005
24005	10645
10645	17710
10645	15397
17710	6790
17710	20375
17710	21203
17710	23692
1184	22447
1185	3838
1185	12391
3838	13137
3838	7801
12391	3839
12391	7910
12391	24659
11555	1186
13607	8241
10726	3780
10726	1187
3780	2317
3780	2459
3780	17711
3780	23635
1188	10018
1189	21713
1189	14978
21713	9092
8993	1191
1954	1192
1954	23360
1954	1881
1954	4966
1954	22522
1192	2861
1192	1881
23360	1881
25427	1193
1193	4209
1193	7149
1193	5626
1193	18798
2795	1195
1196	18722
18722	20272
23198	3116
23198	17503
23198	1768
1200	22039
1200	2641
22039	8623
22039	17110
9102	19943
1203	4465
14734	20924
14734	12055
14734	9277
14734	17063
9544	1204
9544	22913
9544	11139
1206	7495
1206	16338
12026	7466
12026	19329
12026	3200
12026	12052
22560	11159
11159	2865
10749	15309
10749	15395
10749	10850
8181	1210
1210	15784
15671	18467
15671	5321
15671	25638
18467	13070
16812	1469
1469	24627
12509	18617
12509	23208
18617	15933
18617	23523
1213	14702
14702	14723
1215	15973
1215	11773
1215	12924
11536	1216
1217	19021
1217	24621
19021	13995
19021	13548
19021	20454
21361	8255
21361	1608
8255	19348
8255	7377
19109	13498
19109	1219
19109	9489
13498	9489
19348	17179
19348	19865
4834	10483
4834	15539
1223	8127
1223	6773
10104	12657
10104	15538
12657	4785
12657	8739
12657	16016
4185	1225
4185	21555
4185	21939
4185	6303
4185	5494
4185	2825
4185	17090
4185	5646
4185	2009
1225	11253
11253	2974
11253	7098
11253	23932
18931	1226
1227	1639
21716	1228
1228	19213
1228	24366
22728	1229
1229	23008
21718	1230
21718	22000
21718	18449
21718	8175
21718	12129
22158	2046
24459	1237
22824	1239
22824	13768
1239	13768
1239	19791
21536	1240
21536	14283
1241	20874
14123	1242
14123	15068
14123	18496
14123	13766
1242	10435
1242	19173
1242	22005
3003	947
3003	3154
3003	10699
3003	6221
3003	12054
3003	11743
3003	12077
3003	13384
3003	9438
3003	13382
947	20087
947	514
947	15296
947	11687
947	2641
947	15862
947	237
947	5406
25384	1243
25384	15670
25384	19501
1243	19501
1243	12321
46	21107
46	17784
46	12221
46	17801
46	13509
46	1144
46	17736
46	21950
46	26613
3081	24941
3081	3109
3081	7726
3081	8668
3081	18293
3081	12221
3081	17760
3081	1323
3081	4808
3081	23530
24941	15032
24941	9631
24941	12304
1245	17809
20123	1465
25352	1108
25352	19877
25352	22513
25352	16834
1108	19877
1108	3137
1108	4254
21886	14529
11226	20473
22004	9417
15649	16169
15649	8472
15649	8510
15649	23530
15649	2273
7329	6635
7329	7181
6635	2067
6635	17073
6635	7181
6635	12812
6635	18226
7181	12812
7181	5108
7181	18226
7181	22934
7181	2067
12812	2641
12812	26057
12812	17073
2067	1250
17227	1252
17227	26101
1252	15038
1252	26101
1252	24152
1253	20010
1253	16902
20010	10247
20010	16902
20010	15855
20010	5089
23909	1255
23909	9428
1255	9428
1256	11713
21064	14980
21064	16289
25920	1258
25920	1260
25920	11290
21702	1259
11290	7342
11290	12220
11290	24501
11290	4724
7342	24501
1262	14717
1262	12321
14717	2774
14717	14792
14717	11303
14717	1556
14717	24555
14717	7701
14717	22970
10403	24690
10403	22800
10403	20580
1263	9239
9239	3883
9239	13965
9239	26142
9239	23726
9239	24853
21575	13805
21575	24641
13805	22662
13805	10648
13805	9620
1267	12023
12023	17992
12023	7118
12023	8923
12023	13056
12023	24900
12023	15120
12023	25450
12023	25572
1268	9512
9512	19780
1269	23955
6524	1270
6524	12204
6524	17965
6524	7233
6524	552
6524	18426
6524	25466
26340	17890
17890	20820
17890	19449
17890	20674
17890	1271
1271	19449
24656	26459
24656	7444
24656	24017
24656	19470
24656	9056
24656	23966
24656	24040
24656	26415
19329	17159
19329	18855
19329	13416
19329	3004
19329	26074
19329	9114
19329	14787
19329	9771
19329	3015
18414	1273
18414	723
18414	4689
25975	23114
25975	20290
25975	12190
25975	12165
23114	5040
23114	2848
23114	18894
23114	18834
23114	15439
23114	13450
23114	22490
23114	23659
23114	17953
23114	25265
23114	25299
23114	24505
23114	10303
20642	1274
20642	13719
20642	26613
1274	12217
1274	20290
1274	10152
1274	25278
1274	8925
1274	18451
1274	11203
12217	1733
12217	8253
12217	24798
12217	11490
1275	17997
4082	16909
16909	81
1279	7218
7218	9139
14766	16009
14766	9591
14766	1485
14766	16556
14766	10715
16009	4696
16009	6455
16009	20215
16009	3152
16009	10713
16009	19801
16009	20593
16009	4594
16009	3383
16009	20946
13983	1280
13983	18341
13983	25991
1280	13417
23915	23912
23912	1281
1391	20529
20529	24056
20529	1282
20529	20876
24601	17939
24601	7425
24003	19160
24003	20161
19160	20161
19160	23650
15873	20161
15873	16241
15873	19359
15873	18279
16241	6897
24020	9056
24020	3471
24020	23236
24020	26424
24020	20342
24020	7460
24020	26400
24020	24840
9056	23673
14554	21737
14554	1289
21737	1289
12364	25369
25369	24966
25369	1290
1292	9105
26427	1293
1293	24147
19219	1294
19219	11885
19219	18363
1294	24016
10237	11181
10237	25888
10237	13416
23722	17581
23722	1400
23722	24160
8101	6696
8101	13828
8101	13646
8101	16791
8101	4167
8101	10687
8101	14443
8101	1296
8101	23280
6696	10687
1297	10184
1297	23405
10687	20639
10687	4776
10687	22419
10687	11568
10687	15980
10687	10778
10687	23280
10687	14000
10687	7240
10687	6063
17866	13798
17866	24517
17866	24891
17866	24176
10672	1299
10672	10348
10672	22842
10672	26299
10348	22842
26364	26104
723	18162
12136	20568
12136	23936
20568	4718
20568	5607
137	1336
137	552
137	25546
137	25962
137	5858
137	25084
1336	26366
17824	17732
26034	24555
24555	18006
24555	23962
24555	1817
24555	1398
3077	21359
6543	1308
24380	11637
24380	12226
10193	7611
7611	7004
7611	17704
7004	17704
7004	3118
25548	1310
25548	21244
25548	22840
25548	24909
11604	6876
11604	11674
1312	20266
1312	9174
1312	16333
1312	6142
1312	7263
1312	7165
1312	8259
1312	22422
1312	9228
1312	7304
1312	18027
1312	23749
1312	4399
1312	25974
10634	9299
25432	25716
25432	3507
25716	25140
25140	6751
25140	17298
22154	18131
18131	4324
18131	23894
18131	19701
18131	7744
18131	19738
18131	21664
5340	6564
5340	2880
5340	4938
5340	9760
5340	24790
5340	17868
5340	23135
5340	8957
5340	25554
6564	8957
6564	9760
1607	8370
1607	11346
1607	8337
1607	12767
1607	8316
8370	15906
16720	4146
16720	1318
4146	6302
26008	1319
26008	26654
9295	1322
9295	1703
9295	5883
1322	5883
5883	18444
5883	24402
10740	1324
10740	522
1324	6248
1324	19874
1324	9225
1324	24964
1324	18426
1324	1344
1324	16188
1324	1484
1324	15179
1324	3593
1324	23505
1324	1349
1324	24770
1324	19370
1324	26369
9174	1325
9174	6580
9174	26305
9174	526
9174	16158
9174	22742
9174	10098
19501	3922
19501	23624
19501	16835
19501	2789
19501	16364
19501	608
19501	12321
19501	22391
1327	8484
3284	4688
3284	7190
4688	3522
4688	20544
4688	17996
4688	7190
1328	25444
1328	3522
1328	7190
25444	25683
25444	17198
25444	25759
4622	3207
4622	1842
4622	24171
3207	25446
3207	24171
1330	25935
1330	6547
1330	25128
25935	12494
1332	22832
22832	1984
22832	4219
22832	19170
22832	8968
22832	23761
22832	4672
22832	24067
22832	23032
22832	22250
22832	1418
22832	24750
22832	24836
22832	12339
10275	1333
10275	12037
10275	7285
10275	25379
10275	17879
10275	11490
1333	13652
25619	24208
25619	6522
25619	20989
25619	22633
25619	12155
25619	15161
25619	11301
25619	25437
25619	26406
24208	22633
7	21991
7	12210
7	13531
10327	1844
1844	18889
26224	1335
26224	17692
25257	24148
25257	18965
25257	20235
25257	9254
25257	19247
25257	19088
24148	23784
1337	6907
6907	11258
6907	5729
19396	1339
3739	20225
3739	22566
3632	1340
1340	10575
1341	24402
1341	18273
24402	15509
24402	18273
24402	19201
24402	4700
15399	20853
15399	14550
19723	21777
19723	17808
19723	1342
21777	1342
7154	1343
7154	13423
7154	23176
9593	24650
9593	2599
9593	12522
9593	13974
9593	23993
9593	19107
9593	18823
9593	11800
24650	1344
20794	1346
20794	4968
20794	8930
20794	7030
1346	7030
1346	25811
25811	21993
25811	21539
25811	14037
25811	15491
25811	5996
25811	4228
25811	8692
25811	6841
25811	25941
21993	20084
1349	22404
1349	8018
1349	24825
1349	6341
1349	25302
1349	20610
1349	20999
10813	22576
10813	3583
10813	21436
22576	4278
22576	8925
8018	11544
8018	11580
1428	7173
1428	1353
1428	10450
7173	10450
6463	1355
7589	5717
1359	22470
1359	7172
22470	7172
1360	25880
1360	25986
25986	25078
1361	3223
1361	22245
1361	6188
1361	6203
1361	25904
1361	17919
1361	23917
21887	18697
21887	18305
18697	4198
18697	23958
18697	20276
18697	9115
18697	25599
18697	479
18697	1805
18697	20182
18697	2745
18697	1315
1363	2250
2250	18091
10006	1365
1365	1347
1301	1368
24149	1406
24149	7157
24149	1369
24149	8856
24149	20044
24149	18010
24149	26096
24149	11405
23245	23818
23245	1370
23818	4670
1371	1401
1371	6102
1401	23305
10587	12857
10587	3728
10587	5747
12857	833
22784	3852
3852	24612
3852	16692
3852	18175
1373	10613
10613	5747
10613	17011
10613	19720
23191	1374
23191	10406
23191	21230
1374	13921
23369	22746
23369	7466
23369	23347
23369	19417
23369	20135
23369	19912
22746	13089
22746	23341
1375	12676
1378	11565
1378	1800
15720	25418
15720	563
25418	3473
1302	1380
17809	23673
17809	10169
17809	309
17809	8317
17809	23663
17809	14456
17809	18568
17809	20978
23673	2963
23673	9362
23673	26440
23673	16493
23673	19963
23673	20431
4263	18992
4263	14959
18992	15312
18992	18748
18992	19507
18992	26103
12013	8718
12013	7163
12013	1449
12013	10542
12013	12010
12013	20743
12013	12331
7163	1429
4170	2806
4170	25912
2806	9293
2806	12842
2806	18592
20875	7310
20875	1306
20875	13609
20875	21188
20875	24053
20875	7132
7310	1387
1388	24161
11974	22435
22435	9522
22435	22269
15936	1390
22469	1282
11532	4675
11532	6405
11532	25672
11532	8158
11532	21967
11532	21466
11532	21797
11532	15694
11532	3198
26269	1395
2919	23649
2919	19514
2919	20188
1396	9702
1396	11084
9702	1756
9702	6680
9702	20601
20487	1397
20487	7311
20487	10558
1397	6026
11594	8665
11594	17326
8665	7746
25193	8097
8097	26097
8097	23232
1400	24845
1400	15065
24845	2380
24845	26419
24845	24973
24845	2866
24845	11167
24845	9234
24845	1654
24845	25139
24845	5853
23305	19415
23305	8674
26418	1495
26418	5687
1495	1403
20740	7042
20740	14467
20740	19344
20740	4706
20708	25275
20708	1433
25275	20971
15335	1405
15335	12591
15335	24049
10127	7765
7765	12716
7616	1409
7616	6617
7616	20231
7616	21664
7616	14386
12206	11178
11178	10309
11178	14042
10321	20039
10321	13218
10321	10318
20039	9854
25766	1411
25766	26159
25766	10309
1411	25983
10567	19694
10567	19776
19694	19776
19694	1412
613	1413
613	16619
1413	19130
1414	12890
1414	12994
12994	24075
14404	16243
14404	11635
14404	24382
14404	11585
16243	3400
16243	5686
16243	13697
19546	1416
19546	15041
1416	9137
24259	1417
3025	13115
13115	11558
13115	6936
13115	5280
13115	24444
13115	3823
13115	12708
13115	18543
13115	18764
13115	12545
13115	18929
13115	2613
13115	23494
13115	24872
13115	2906
21000	5042
5042	7542
1709	2814
1709	5451
1709	8743
1709	13631
1709	26580
1709	17399
1709	21027
1709	15775
1422	22153
1422	16684
22153	1949
1424	19975
19975	5267
9694	18375
9694	15714
18375	11529
18375	16830
18375	15289
18375	18423
18375	21854
1434	21574
21574	8321
26097	23232
14580	1668
1668	15472
18423	1437
18423	11566
18423	20432
1972	6717
1972	2446
1972	6335
1972	23746
1972	11011
1972	12332
6717	12332
6717	22217
1440	18297
1440	10832
18297	21891
18297	304
18297	7707
18297	19826
10832	19826
10832	21953
19826	21953
19826	25997
21953	25997
1199	18225
1199	9170
7337	1441
7337	23296
1441	2791
1441	13620
1441	25396
1441	25696
2791	22722
2791	9164
2791	8708
2791	8207
2791	2541
2791	21465
2791	25907
2791	20829
25464	1442
24819	3233
24819	1443
3233	19373
3233	9540
3233	23654
3233	3743
16493	19752
19752	12443
19752	10662
13828	16791
10406	4114
9204	1446
9204	6192
1446	6192
12231	25982
12231	10342
25982	1448
25982	10342
25982	20885
1767	5470
1767	3314
5470	25445
8348	11515
8348	1451
11515	4637
15674	10663
1454	14108
1454	20079
1454	11500
1454	22296
1454	17219
1454	8199
1454	21830
1454	23978
14108	22296
14108	3365
14108	10369
14108	16599
14108	10957
22565	8199
22565	23586
20079	11500
22296	6955
24110	17836
17836	9192
17836	20610
12225	1455
12225	6348
1455	7033
25707	26393
25707	26435
25707	22836
21248	1459
21248	10347
1459	15163
1459	10347
8932	1460
18027	7079
18027	19484
18027	342
18027	17262
18027	24262
18027	10808
7079	21939
19622	12512
19622	24468
19622	5195
12512	18026
12512	9064
12512	8907
12512	2071
6389	14681
6389	6858
6389	5002
13579	16043
13579	18754
16043	18754
16043	6498
16043	11646
16043	21680
25832	5906
25832	11535
25832	3343
23569	3965
23569	18469
23569	7545
23569	12272
23569	5539
1474	10820
1474	11404
10820	225
225	11202
1475	21936
1475	14516
21936	14516
11787	1476
25673	22940
25673	25167
1478	19748
1478	14388
19748	2500
22178	8203
22178	3858
22178	24631
8203	24631
8203	8797
11609	1481
11609	25116
1481	25116
1481	10232
1482	19089
1482	20236
1482	21915
1482	8988
1482	15179
1482	3156
1482	21561
19089	20405
19089	15181
20236	13590
8496	2688
8496	19071
2688	1484
2039	26079
2039	18832
2039	19194
26079	16340
26079	23866
26079	21631
15343	14925
15343	1488
15498	1489
1489	8178
1489	22773
1489	8170
8178	3283
8178	24732
8178	6343
2882	19022
2882	1490
19022	9988
19022	18804
17012	1491
17012	22902
17294	13707
17294	1585
17294	22886
17294	26021
13707	22886
13707	7581
13707	3407
7190	12151
23013	1493
1493	23530
1493	11570
1497	22995
16558	1499
16558	16138
16558	20983
16558	19972
1499	19972
1501	13130
13130	2500
17409	7475
17409	7473
22468	1504
22468	19899
9933	1506
1507	23035
1507	14956
1507	17104
23035	2868
20615	14114
20615	1508
1508	5665
11824	17378
11824	16985
17378	23771
17378	5480
623	1511
623	8023
1511	22877
1512	2557
1512	17111
2557	2993
2557	21589
25074	9839
25074	14023
9839	23627
658	1515
4854	7800
4854	1517
4854	4954
7800	3032
7800	10848
7800	4954
7800	12451
24917	1518
14185	18531
72	2641
72	4139
72	4160
72	23554
72	16300
72	3018
72	21401
2641	1250
2641	25096
2641	22654
2641	3348
2641	9538
2641	4420
2641	6370
2641	10548
2641	23332
2641	11237
2641	13714
2641	4139
2641	16300
2641	19310
2641	6228
2641	21116
2641	8504
2641	23837
2641	23399
2641	24484
1521	5930
1521	14621
25344	15809
25344	14999
15809	14621
15809	14999
5356	9358
5356	18673
9358	278
9358	1523
9358	10378
9358	5347
2178	1524
11874	18536
11874	14428
18536	9522
18536	17736
18536	8472
18536	21199
18536	8243
18536	15289
18536	18087
18536	8168
18536	8734
18536	9847
18536	4229
11190	17504
17504	1529
1530	23371
1530	13654
23371	13654
23371	10039
23371	26635
13654	10039
13654	26635
1531	15821
1531	25809
15821	25809
2822	9755
20632	1534
1534	23107
10891	7561
10891	2596
10891	26491
10891	17944
7561	8475
7561	18306
7561	14016
20141	19020
20141	19424
20141	21534
20141	8280
25383	981
1536	19103
1536	24263
19103	4990
19103	22764
19103	9463
19103	9491
19103	21528
24263	21528
1537	9729
1537	11613
1537	5517
6513	17216
6513	1554
6513	9508
6513	14285
6513	11100
6513	10812
6513	14278
6513	15542
6513	9496
17216	10786
17216	1546
1540	14278
1540	6778
14278	6778
14278	9919
14278	4891
14278	22964
1541	15937
15937	18518
1608	11539
11539	21893
11539	21111
11539	22702
11539	22340
11539	23287
15684	26509
15684	24067
15543	22964
15543	15542
15543	22635
1546	1907
1907	4826
1907	16497
1907	19967
10786	21229
1551	22857
22857	23023
22857	11339
22857	21093
1552	3374
10410	1553
1554	10385
23403	1557
23403	1980
23403	526
23403	15410
1557	12986
1557	5727
6115	7064
20032	1558
20032	11572
20032	9500
1559	17217
1559	4826
1559	20284
17217	17390
5564	10874
5564	4212
5564	11931
10874	11931
10874	16562
11931	16562
9381	8388
9381	26658
9381	10562
9381	1295
9381	12540
9381	15371
9381	16352
9381	16984
9381	17413
9381	17526
9381	22769
9381	22853
8388	21342
7475	13461
7475	25715
1564	13530
17468	3848
17468	3292
17468	21669
5417	1566
5417	5036
14369	1568
14369	8363
14369	13859
14369	6783
14369	16281
14369	1673
14369	6095
8363	25955
4112	8279
4112	9566
8279	23461
3008	2381
3008	73
13673	5704
9550	11006
9550	9235
9550	16364
9550	26619
9550	18311
9550	1445
9550	24685
1572	11402
11402	19241
11402	6511
11402	14459
11402	22773
16501	1573
16501	11554
1573	23587
2112	1575
576	12645
576	16894
576	18568
135	11894
4789	8056
4789	22737
4789	13251
4789	16809
4789	2821
22578	7649
22578	5527
22578	9473
22578	18687
22578	14945
22578	1578
7649	19902
21456	13285
21456	10272
21456	9383
13285	10272
13285	17418
13285	10811
13285	14800
13285	25763
17578	19511
1584	21877
1584	7855
21877	23268
7855	23012
1585	22886
22886	23592
25057	1586
25057	19736
25057	24063
1587	4986
1587	10213
4986	10213
21572	1588
21572	25379
21572	2436
25379	4150
25379	23662
25379	12980
25379	13319
25379	2819
25379	24095
25379	25442
14570	5601
5601	16470
5601	12060
21690	8687
8687	19063
1592	19310
1592	25843
19310	1742
19310	14801
19310	12273
19310	17802
5849	6804
6804	12320
6804	22402
6804	3005
6804	10819
6804	24341
6804	15997
6804	24252
1593	14281
14281	18664
14281	2785
23418	1595
1596	10148
1596	11391
10148	15352
10148	4246
10148	11333
1598	22866
1598	5779
1598	19114
22866	10223
22866	5011
22866	11385
1599	2686
1599	11273
1599	10573
2686	9692
2686	10423
11273	10573
11273	9692
614	19848
614	1600
19848	22851
19848	1019
1601	6905
8117	1602
13467	1730
13467	16852
13467	5790
1730	3029
1730	4098
1730	21498
1730	5790
17839	1603
17839	18930
17839	4993
10815	1606
10815	16110
10815	3273
1606	16110
16110	3273
16110	21099
3273	21099
18294	19416
18294	3585
19416	3585
19416	10255
22683	9287
22683	12356
22683	8957
22683	20954
9287	6485
9287	1443
9287	24908
1609	18713
1613	2428
10274	6094
6094	20294
6094	22062
6094	13283
1615	21443
16881	10794
16881	25951
16881	20293
16881	14648
10794	25199
10794	21906
10794	23559
10794	5832
10794	7779
10794	18016
10794	16173
10794	4800
10794	23635
10794	22569
10794	14234
10794	25289
1618	2954
1618	10240
3249	13916
3249	5822
3249	18901
1622	12644
1622	5592
12644	10901
7657	1623
1625	20816
20816	12386
1626	25397
1626	11773
1626	11765
1626	22176
25397	13019
25397	22176
2662	24355
2662	23129
24355	1627
1629	10836
1629	19870
1629	2057
8955	25371
8955	25541
25037	13086
13086	1633
13086	13030
1633	13030
14735	1634
1635	14251
1635	2575
4946	1636
4946	13500
4946	8095
1636	13500
11211	16894
16894	12674
16894	13500
1637	18060
1637	10787
18060	25482
18060	22171
3237	13410
3237	10847
3237	13451
3434	5566
5566	1641
17083	1904
20610	8298
20610	1503
20610	25829
20610	18668
20610	14495
8298	14495
9426	1645
1645	8472
75	5223
75	25479
14356	1646
14356	12125
14356	13876
14356	15946
14356	11105
14356	19544
14356	17458
1646	17487
5139	8299
5139	1033
5139	10181
8299	20026
8299	17225
8299	12297
8299	18054
8299	23274
8299	24629
8299	26156
26075	5743
26075	2997
26075	20839
26075	16146
26075	19516
5743	1647
5743	12811
14546	23068
14546	3060
14546	2974
14546	15500
14546	17637
14546	2909
14546	21458
14546	6858
14546	12071
14546	8366
14546	10357
14546	7791
14546	18676
14546	21279
14546	24353
23068	10357
23068	5859
23068	22520
23068	13659
23068	237
1649	7708
7708	13877
1651	25389
1651	3819
16525	5839
5839	3440
5839	11645
5839	18044
5839	20150
5839	15719
11877	24407
11877	5872
11877	5946
11877	19035
24407	1652
24407	17564
24407	17311
24407	13197
24407	10902
24407	23367
24407	14258
24407	5872
1652	13197
300	4212
18846	14983
18846	8131
18846	23303
18846	23471
14983	21087
14983	26135
21087	25408
18976	20181
18976	13136
18976	3931
18976	6197
18976	18323
18976	14117
18976	14533
18976	21683
18976	25640
18976	12121
1657	1900
1658	9671
1660	16476
4893	1662
1663	2678
1663	5529
1663	17089
2678	5361
2678	1313
1664	9481
9481	18576
16477	1665
16477	22850
173	13480
9424	1667
15723	19874
15723	18246
15723	7090
19874	7090
19874	13566
19874	4434
19874	21578
19874	11361
19874	13936
13893	24531
24531	1669
24531	19895
24531	10160
24531	2780
14754	17359
14754	21460
7620	1671
7620	13681
1672	4821
1672	5639
1672	14263
1673	3352
21991	1675
1680	22694
8403	19255
8403	1682
19255	1682
1696	18663
1696	1683
1684	10518
1685	17055
1685	22567
1686	21759
1686	13405
21759	5019
4078	3981
4078	26488
3981	4538
3981	6155
3981	18684
22957	22975
22957	18696
22957	13487
22957	12597
22975	24047
22975	11466
22975	13675
12	13405
13405	12886
13405	18842
13405	8592
13405	4058
21417	1687
1690	5742
1690	18494
1690	10755
10755	18494
5742	17436
18871	5837
18871	20850
23724	22059
23724	17657
23724	19853
23724	5043
23724	9485
22059	5086
22059	1692
22059	11811
16090	4081
16090	8626
16090	18225
4081	694
4563	13599
4563	1693
13599	13638
13599	1693
16461	1694
1694	16514
5015	1695
1500	4801
1500	8814
1500	24647
4801	14285
12082	9639
12082	11646
12082	15984
9639	4129
1700	23420
1733	14479
1733	18424
1733	11490
1733	20532
1701	22898
1701	1928
1701	23788
1701	13643
22898	2983
1928	12066
1928	23788
2983	12829
2983	22157
2983	15191
2983	22008
2983	15605
2983	24225
1910	15997
1910	12705
1910	20850
15997	22359
15997	12109
15997	15014
15997	313
15997	2735
15997	5773
15997	20850
15997	17290
15997	18434
15997	14338
15997	22785
15997	2949
15997	20308
15997	22732
15997	4111
15997	13085
15997	21708
15997	4730
12356	1703
7410	19671
18413	1704
45	15079
45	12589
45	10364
45	25503
45	25434
15079	6767
1707	20428
20428	18834
20428	8238
20428	16946
20428	13173
3655	8577
3655	9630
8577	5489
8577	1708
13959	7832
13959	6089
13959	9804
13959	18161
13959	18863
13959	18854
7832	3996
7832	16592
7832	10962
7832	14039
12125	1710
6158	1711
1711	13903
5572	1713
1713	16809
4956	20270
4956	19083
20270	19083
8662	11029
8662	22871
11029	21256
11029	22654
11029	9538
11029	20947
11029	22871
11461	1715
17193	22855
17193	2755
17193	26543
14926	10898
10898	1717
17930	19061
17930	18860
19061	15702
19061	15528
19061	18860
19061	11672
9459	1719
9459	24967
9459	2565
9459	13164
9459	17765
9459	4817
9459	14174
9459	5468
5929	14167
5929	9591
5929	16093
5929	4279
5929	1485
5929	20636
14167	1485
14167	9447
14167	4279
14167	20636
14167	17727
14167	19066
12663	1720
12663	775
12663	11526
15487	25708
15487	23968
6843	1722
4776	3870
23014	25270
23014	9552
9552	11667
1726	18121
1726	9443
1726	13272
18121	22003
18987	1727
18987	13381
1729	4763
1729	19332
5790	21498
3029	3027
1004	17749
1004	17991
4236	13971
4236	1731
4236	9664
9664	17481
1732	1957
6482	18424
6482	19298
6482	10693
6482	1426
6482	17376
6482	16603
6482	20318
1736	17015
1737	20847
20847	23999
20847	19182
1741	10930
5328	22001
14670	1742
14670	12273
21107	10391
21107	9030
21107	7469
4209	2474
4209	7149
17029	6580
6580	3547
1745	17068
3033	1746
6567	14755
14755	16835
1749	17609
14532	22771
22771	20262
5409	10169
5409	4723
10169	23287
10169	11545
10169	8236
10169	8212
2043	1751
1751	10149
12070	11138
1752	17795
17795	11138
18627	16167
18627	8419
18627	18472
20560	24717
20560	24537
24717	26486
25866	1753
1754	9829
3505	11686
3505	25710
3505	8166
11686	25710
1759	1264
1931	1760
1931	24237
1760	24237
1760	12501
16421	26080
16421	385
16421	25281
16421	20936
16421	18347
16421	3627
16421	8472
16421	26703
20065	17840
20065	17165
18618	16369
1762	7263
7263	25245
7263	3518
7263	19918
8111	5479
8111	1763
8111	13989
5479	13989
5479	9742
1763	9742
23546	1765
23546	11460
1766	20293
1766	17445
20293	17445
17445	4704
17445	14257
13795	21163
13795	7368
21163	3067
21163	13273
19327	1771
19327	22910
19327	4720
19327	21663
19327	9856
19327	8897
19327	25541
19327	20754
19327	8930
19327	12432
19327	7212
19327	24535
19327	24989
19327	8344
1771	9856
9856	14724
14824	7686
14824	3316
14824	7976
14824	11383
14824	13584
7686	11383
19857	21034
19857	3323
12044	20058
12044	23464
12044	14821
12044	17177
20058	1774
1774	25476
1776	13201
1776	21502
13201	5581
13201	22040
13201	11980
13312	9099
13312	25240
13312	1777
9099	6016
9099	22944
9099	25428
9099	21537
6016	20629
25240	1777
1777	7652
2175	1778
2175	2174
1779	14286
14286	25729
1781	277
1782	26577
6520	6361
10097	1278
10097	14212
10097	20571
10097	21136
10097	26248
26631	2444
26631	26542
2444	5519
14773	2934
14773	17486
14773	2475
2934	25433
4743	1786
4743	25852
1787	24187
5350	17255
5350	9255
5350	25347
5350	2590
5350	9711
5350	12490
5350	20746
17255	7296
17255	24580
1394	1789
21065	3307
1791	10115
10115	6118
1792	4301
1792	1381
24545	11828
15192	21683
1795	2794
23307	12229
12229	24050
19064	16668
19064	19176
19064	14762
19064	26320
19064	22424
16668	2689
7184	18255
7184	1799
7184	8683
7184	26366
18255	1799
4192	5549
5549	22838
5549	18778
1806	2486
2486	4803
2486	22196
2486	2697
2486	9829
2486	19123
1807	23866
23866	3040
23866	7492
23866	24444
23866	11898
23866	9199
23866	25652
23866	5111
23866	8306
23866	18596
23866	11695
23866	12342
23866	7143
23866	24359
23866	12772
23866	552
23866	7750
23866	18636
23866	16912
23866	24786
23866	22776
23866	24618
23866	19962
23866	21306
23866	26637
1809	14555
14555	23480
14555	1654
10162	16880
10162	24274
3775	15774
3775	25597
3775	5022
3775	8636
3775	8635
3775	4759
15774	14367
15774	193
15774	4592
15774	25110
15774	21050
15774	23543
15774	21187
15774	3227
15774	2656
25597	10568
25597	8009
25597	11612
25597	22146
25597	25342
1813	23621
1813	26484
3004	9115
3004	15118
3004	7291
1815	10294
1815	15086
10294	15086
6438	19514
6438	1816
23148	4599
23148	3770
23148	8984
23148	20360
23148	13574
23148	2001
4599	12248
10095	818
23230	1819
1819	19228
1821	24325
1821	8871
1821	26448
24325	24652
24325	10646
24325	1364
13011	7847
13011	16659
13011	21862
7847	1822
6340	1823
6047	1824
6047	9218
6047	26388
1824	24038
24038	14643
24038	2938
24038	25503
24038	26217
20931	6106
20931	6562
1826	9219
1828	15536
1828	7349
1828	7345
15536	7349
15536	20254
7349	7345
4846	12228
12228	25891
12228	7171
12228	10194
1833	1402
6010	1837
1837	26055
1837	19536
1837	8853
10326	24687
10326	6690
10326	25527
10326	1840
10326	21605
24687	25864
24687	26590
24687	25076
24687	7098
10	23780
10	3155
10	11569
10	11451
10	12042
10	21028
10	193
10	23146
4630	22579
4630	19139
22579	6407
22579	20916
22579	7786
22579	8520
22579	11410
22579	19139
1841	24067
1794	25214
25214	23112
25214	25950
8706	1843
8706	19231
8706	17402
24530	16226
24530	7098
24530	20666
16226	10448
16226	25627
9277	1845
9277	19443
9277	24774
9277	26439
1845	24842
1846	25105
1846	21222
25105	12290
24967	11960
24967	25075
11960	4235
11960	2830
11960	10649
11960	14502
11960	20576
11960	9672
11960	24835
13045	13244
13045	13042
13045	5229
13244	5783
13244	14750
1847	5783
1847	6536
1847	25569
1849	22023
22023	21381
8338	4233
5354	17995
15376	1979
1979	1317
1979	6290
1979	24721
6507	1856
22951	1857
1859	24715
1859	11261
1859	25962
11261	25962
11261	12288
6134	14835
6134	26255
21244	26087
21244	2414
21244	4900
21244	7019
21244	24231
21244	15117
21244	20984
21244	25477
21244	20317
21244	20965
21244	15263
21244	10358
21244	22809
21244	24557
21244	25180
21244	26301
22677	18015
22677	2543
23273	1864
17841	1865
17841	15525
17841	26139
1865	9153
23775	8184
23775	24359
23775	3911
23775	20663
23775	5791
1866	6232
1866	16561
5669	24361
21435	21989
21435	21544
21435	21195
21435	79
21989	16618
21989	22779
15829	5524
15829	23218
15829	2385
15829	8230
15829	1738
15829	20519
15829	17804
22288	22287
22288	10965
1418	3095
1418	12224
1418	20367
1418	5808
1418	5002
3095	11353
18685	18502
18502	18901
18502	3034
18502	21057
18502	26215
19889	18277
19889	5303
19889	19894
18277	23620
18277	4779
18277	4571
18277	16564
1873	195
19484	5460
19484	23910
19484	26035
21934	19852
21934	21910
21934	14262
21934	21848
21934	15880
21934	20624
21934	20623
19852	16922
19852	13380
19852	16319
19852	21849
19852	341
19852	17996
16922	18482
1880	17424
18728	10103
10103	18506
10103	17210
10103	4432
10103	10107
10103	6374
20218	2861
2861	1881
2861	4966
1881	4966
1882	12846
12846	134
1884	17295
1884	9626
17295	9626
1885	13578
1886	21982
1886	16637
1886	11876
21982	2199
21982	11876
11751	17069
11751	7767
11751	15472
11751	23131
11751	3380
11751	11876
11751	23210
1887	4438
1887	15665
20691	1888
20691	24344
1888	24344
1889	19930
1889	16510
19930	16510
17570	1890
1891	13958
12953	16704
12953	2207
12953	23451
12953	1892
16704	2372
16704	23451
16704	19676
2372	2207
16205	15461
16205	22966
16205	15667
16205	14146
6776	17650
6776	19871
6776	3250
6776	12466
6776	14152
6776	11932
6776	18457
6776	12465
6776	8795
6776	14838
6776	22022
17650	22032
17650	2514
17650	7386
17650	8618
17650	15244
17650	20316
17650	9212
17650	22054
17650	24901
19871	3250
19871	17604
19871	8795
19871	14152
19871	19879
19871	22022
22032	4829
20129	1896
20129	2639
20129	14786
20129	10759
20129	3874
20129	4226
20129	5323
20129	9818
20129	7639
20129	16275
20129	7529
20129	2967
20129	14343
20129	19352
20129	15400
20129	15014
20129	19395
13827	6323
13827	6505
13827	15794
13827	368
6323	2738
6323	19284
6323	25785
15844	4928
4928	17396
4928	4961
4928	1897
4928	24267
1898	16906
1898	4976
16906	4976
4976	18842
11398	1899
13754	6178
13754	8533
6178	1901
8533	7463
7463	1901
3927	1902
3927	15836
1902	25247
17395	7111
17395	17133
17395	22714
7111	2605
7111	17563
7111	9388
7111	2785
7111	19468
7111	13950
7111	17926
7111	7115
7111	14559
7111	6734
7111	1580
2602	24497
2602	1906
24497	1906
24497	5407
18387	1908
1909	15345
1909	16097
15345	25847
15345	20814
15345	4865
4747	23241
4747	21094
16036	1911
16036	4839
4839	5734
4839	16917
4839	16035
200	2683
200	17842
200	14537
200	3772
200	17146
200	17151
1912	6834
1913	22673
26214	17658
968	10438
17151	9796
17151	16266
1915	5785
5299	16848
22191	12731
12731	1917
3866	16813
3866	5051
3866	25806
3866	24828
3866	8878
3866	24359
3866	12495
3866	11599
3866	21158
3866	25564
16813	1705
16813	5316
20448	16136
16136	5331
23948	26475
26475	10880
22580	23408
22580	6911
23408	3882
3882	1919
1920	16863
16863	4562
5694	1921
5694	14269
5691	7243
5691	1924
5691	18388
5691	19265
7243	13248
7243	14121
1924	22506
1924	18388
1926	16023
2893	21641
2893	5398
2893	24036
2893	11570
21641	4994
21641	4187
21641	17822
21641	14230
21641	26221
21641	22053
1927	8660
1927	23304
1927	24779
8660	8696
8660	16685
4324	7744
23304	16685
16685	8696
4276	17099
17099	1934
17099	13741
17099	14759
17099	15023
22143	1935
3275	1936
3275	5640
1936	9815
1936	5640
23415	6699
5734	1939
1943	24130
1943	21263
1943	15901
1943	24040
1943	9093
24130	9218
24130	6257
24130	1941
24130	26336
3399	11068
3399	1944
11068	1944
1945	17819
6199	18279
6199	22950
6199	9777
18279	5901
1946	25839
1946	10379
25839	21240
25839	8697
3896	21434
3896	16454
3896	3736
3896	7465
3896	5915
21434	8423
21434	17226
21434	10490
21434	10316
21434	22051
21434	13127
21434	9499
1947	23637
23637	13782
6614	20638
6614	21351
6614	23756
6614	1948
20638	22198
16684	12671
1951	6606
6606	8448
17790	1952
17790	6190
4966	22522
22522	13529
13305	2840
7259	25585
1958	22122
26683	1959
1959	4473
1959	3417
1959	727
14531	1486
1486	13434
21546	4673
21546	25363
21546	25559
21546	10050
21546	19984
21546	8205
21546	6829
17252	25525
17252	24593
25525	1962
25144	1962
25144	1303
25144	10681
6973	1963
6973	11552
1963	21994
11552	4895
11552	25446
11552	20598
11552	24165
16732	1965
16732	4239
16732	10063
16732	19693
16732	10698
16732	3773
1965	3773
1965	19693
1965	4239
6576	23071
23071	24940
13332	1968
13332	12480
1968	17557
1968	14997
17557	569
22359	8301
22359	16888
22359	14786
22359	7639
1969	9330
1969	4287
9330	12616
26681	1971
1893	3801
3801	17200
3801	1975
21512	11886
21512	14980
11886	10027
11886	10762
11886	1644
11886	20679
11886	9982
11886	12003
26255	10394
26255	17347
26255	17953
10394	25150
1976	25150
25150	14588
7845	1978
7845	6018
24527	24230
24527	388
24230	26355
7331	9300
9300	17975
9300	5342
1984	26365
1984	25151
26365	284
7250	1986
1986	24938
24938	11999
24938	15835
1988	252
24684	6659
24684	24875
1990	6521
1991	7398
1991	16752
1991	15458
7398	16752
7398	2303
7398	8607
7398	4738
7398	11697
7398	17569
16752	15458
4527	1993
4527	4080
9690	1994
14581	1995
14581	2956
14581	21077
14581	7129
21256	5934
21256	19922
21256	22654
10525	12130
10525	5764
10525	3572
12130	1996
12699	2000
2000	18260
20111	13566
13566	26347
8930	19331
8930	24067
2002	11495
2002	5424
2002	5985
11495	5985
8358	2003
2003	8411
2003	2883
2003	21422
2003	10300
8411	21415
8411	18622
14301	10182
10817	10243
10817	25110
10817	15165
2716	2006
17280	22241
17280	14747
17280	15745
17280	2675
17280	423
22241	20374
22241	5451
2008	16567
16567	14165
16567	3777
16567	24107
16567	22894
16567	21961
16567	21616
16567	13759
16567	10578
25218	8507
25218	17924
8507	22993
8507	23812
8507	16840
8507	19280
8507	19980
8507	2010
3324	2011
2012	20186
2012	23538
2012	22225
17784	9717
17784	12008
17784	327
17784	5528
17784	25547
17784	24279
25474	2013
25474	8377
25474	25420
25474	18028
25474	24633
2013	25684
2013	7252
2013	7446
2013	20447
2013	25856
25684	19594
25684	7252
8377	2014
25420	1421
2015	12040
12040	19399
12040	11059
12040	4807
12040	15527
12040	18806
12040	13957
12040	15085
12040	22369
12109	17057
15362	11303
15362	4625
15362	22452
15362	22970
15362	22704
17	2019
2020	19373
2020	15326
19373	3633
19373	22475
19373	11548
19373	8188
19373	18492
19373	23386
19373	15326
25066	25550
25066	2023
25066	11774
25066	19688
25066	19682
25066	15484
25066	8893
25550	15484
15981	2025
18245	14929
18245	2026
18245	2400
14929	2400
2027	18161
2027	14026
18161	14026
2030	2156
13998	16046
16046	3741
16046	24339
3368	16670
3368	2032
16670	2032
21044	2033
21044	8114
2033	25498
2033	14966
2033	10066
2033	10026
2033	18786
2033	20629
2033	21701
13952	2035
2037	25531
2037	14981
2037	26123
25531	8920
25531	17122
8689	2595
8689	3197
17995	26639
10795	12182
12182	10937
21984	2041
21984	24719
21984	2790
21984	7552
21984	18615
21984	18768
21984	26251
2041	17533
2041	7552
17533	17691
9809	2042
9809	18051
9809	24309
10823	9501
9501	23062
9501	5731
9501	8478
9501	25528
9501	11908
9501	23223
9501	15982
9501	8412
9501	18588
9501	23925
9501	26033
12052	14820
2048	14537
14537	3770
13251	23530
23530	4415
23530	8677
23530	13904
23530	25556
23530	15557
23530	11837
23530	4342
23530	8566
23530	26259
3313	13747
3313	26468
3313	3570
3313	4292
3313	12329
3313	23052
3313	21874
3313	17959
13747	10171
2050	6109
2050	6341
6109	11128
14187	2052
14187	9591
2052	14860
2052	3853
14860	18911
2058	7439
2058	2462
7439	1874
7439	5917
7439	17984
2846	9888
2846	12417
2846	9623
2846	19430
2846	11575
2846	7668
2846	14219
2846	15902
2846	9997
2846	16629
2846	6031
2846	19177
2846	8734
9888	2060
25019	7897
25019	12907
25019	2062
2063	4120
18872	16100
18872	2064
16100	2064
21983	4307
21983	11389
9303	2065
9303	2322
2322	9505
2322	5367
1250	26057
14779	18335
14779	26243
14779	14011
4394	2070
26236	2072
2073	26634
2076	14177
26087	24502
26087	25854
6436	2080
6436	24886
26137	2081
26137	10117
2081	9716
2081	26382
2081	6439
6439	9716
9716	18686
9716	21405
9716	11192
9716	10117
9716	5721
9716	25347
10117	24619
2082	17693
17693	18904
17693	4677
10556	13105
10556	5269
10556	20261
13105	11865
13105	5269
13105	2511
2083	25191
18477	2085
2085	15814
10023	20749
10023	23490
10023	21413
10023	7122
20749	8853
20749	14093
20988	2087
2087	16539
7271	2088
7271	25589
2088	25589
9714	2090
9714	19268
9714	14930
9714	17229
17807	2091
12650	8918
12650	15579
8918	15579
8918	2093
2096	17131
11805	3532
11805	2522
11805	7718
22992	2100
22992	11862
22992	14784
2100	4260
2100	1960
17421	2101
17421	23940
17421	15622
17421	18352
17421	23351
6254	2103
6254	10614
21755	12670
12670	16951
12670	25224
18847	2106
2107	19915
2107	17586
19915	17586
9276	2108
2108	24418
2108	13198
2108	10501
2108	11646
12900	6226
21207	2111
2260	2113
2113	7947
2113	10537
2115	9371
18686	9669
18686	16975
18686	4634
18686	23757
18686	6497
18686	20538
2116	16061
2427	2786
2427	2117
8219	5013
5013	16489
25038	2120
22407	3075
3075	23668
17600	2121
2121	19539
8599	18842
18842	8592
18842	14829
18842	16846
26119	910
910	13814
910	21607
910	21483
910	2128
935	2128
935	7796
935	9889
935	13592
6040	13670
6040	26677
6040	8843
13670	9906
13670	26677
16786	2134
16786	2420
2134	2420
2135	14675
14675	22463
14675	11524
14675	21520
2138	11750
7528	12552
7528	17403
12552	8560
12552	26246
2141	2637
22527	2142
2142	15580
18152	2196
18152	2845
25152	2147
25152	26239
2147	26239
2150	14478
19765	2153
19765	23437
23436	5252
858	6360
2159	20037
2159	15886
20037	17511
17511	15886
2160	18114
18114	4516
18114	13089
18114	11767
3255	13325
3255	4405
3255	3384
3255	13148
3255	18742
3658	3713
3713	18144
10861	9121
10861	2164
19753	779
2166	23227
2166	12989
2166	12925
23227	12925
2168	3726
12960	2170
12960	10620
12960	7964
2230	2171
2230	7392
2230	11710
2230	8001
10593	24776
10593	22115
2173	22084
22084	9947
22084	8076
22084	22115
2176	12964
4075	2180
7964	14624
7964	10620
7964	7857
7964	22113
2187	12830
12830	19768
12830	17651
2189	13038
2189	8073
13038	8073
12838	2191
12838	10618
2191	10618
2192	13001
2192	20886
13001	20886
12799	16743
16743	5169
8037	2193
2218	19606
2218	10617
19606	2194
19606	16380
2197	23894
2197	10146
23894	13022
23894	16760
23894	19731
13022	4451
2198	10674
10674	11650
7392	16385
7392	19709
7392	19685
7392	15609
7392	22175
25067	12935
12935	23877
12935	19597
16375	8009
16375	12924
8009	7420
8009	25681
8009	2201
8009	16649
8009	22111
18025	19642
19642	2202
8041	2204
5167	2205
5167	19789
2205	19789
5224	13101
5224	2206
5224	14953
13101	24476
23451	2207
16672	2209
25096	2210
14134	2210
2211	826
2211	784
2211	22129
2211	2268
16651	2268
2268	22129
2212	19630
2213	13090
2215	20345
19623	18202
19623	3685
18202	19094
3685	10590
2216	3693
3693	7883
3693	22950
3693	23441
26121	7918
7918	25023
10572	2219
10572	2221
8007	2220
8007	7906
16725	2222
2222	19628
24400	18086
24400	16739
24400	13006
18086	13006
18086	22149
13006	8412
13006	5197
13006	18195
13006	11473
13006	3590
13006	8052
18198	10588
18198	10553
18198	5162
16739	22149
16353	2225
16353	22816
16353	7613
25293	25412
25293	2226
25412	2148
2228	13010
10604	2229
2229	6256
11710	8001
12918	18128
12918	7872
12918	11796
12918	2231
18128	12977
12977	5205
2077	6964
6964	22983
6964	20726
6964	23171
2232	3723
7814	2233
11717	18164
11717	26231
11773	23440
11773	18172
11773	22116
11773	25462
11773	15973
11773	20071
11773	20807
15973	24390
19720	19684
19684	13072
19684	19664
19684	22126
10834	8977
10834	2235
10834	16961
8977	2235
23902	2238
23902	25220
23902	6597
16633	2239
16633	11775
2240	12908
12908	15632
24456	11771
18095	2242
18095	5708
18095	17917
19732	19766
19732	12993
19732	12996
19766	12942
2245	22107
22107	22070
2247	16371
16371	25014
16371	25061
12801	2249
12801	16711
2249	16711
7465	927
11720	18040
11720	2252
11720	18147
18040	18147
2252	18147
2253	19777
19777	5238
24486	9887
24486	9395
24486	24492
18185	2262
18185	18201
2262	18201
2263	12892
3163	26128
3163	7294
17647	16091
17647	19647
17647	5931
17647	20856
16091	13261
11744	2265
11744	18181
2267	22742
22742	21941
22742	25563
22742	23848
22742	23135
22742	25003
25064	2270
18199	2272
18199	3263
18199	3669
18199	18193
6829	10050
6829	22657
6829	10412
6829	21305
6829	21540
6829	22195
6829	21259
6829	9469
6829	8835
6829	20208
6829	13253
6829	16033
6829	10488
6829	19405
16671	2275
2275	18148
2276	16774
2276	7905
2280	18187
4316	2281
4316	4768
4316	18109
4768	7890
4768	15503
8229	6554
8229	18443
8229	10035
8229	13419
8229	11534
8229	9435
8229	620
8229	7470
8229	12686
8229	26191
2283	5220
2283	26693
5220	13890
8036	18093
8036	2284
18093	2284
18093	22163
2285	7899
2286	25366
2287	7877
2288	7434
2288	7413
7434	7413
19654	2289
6261	2290
3694	19662
3694	2293
19662	2293
2293	12938
18041	22148
18041	3296
18041	2261
18041	3420
22148	2151
22148	3672
22148	6253
22148	18048
22148	22165
25571	2298
25571	25386
19670	2299
19670	7926
2299	7926
15550	8087
15550	12854
8087	25333
2300	16779
2300	13002
2300	16648
16779	24519
8069	2301
8069	2133
2301	2133
3302	23520
3302	16014
3302	20881
2303	4738
2303	8607
2303	7960
4738	17569
7954	10533
7954	7395
10533	24462
8490	2346
8490	21619
2346	2425
2346	13902
2346	16161
2346	17965
2346	4718
2346	18953
2346	11330
12596	16053
2309	25991
25991	24323
21166	25785
21166	2313
21166	15349
21166	25409
6354	23538
6354	2314
6354	10300
6354	3405
23538	16436
23538	11255
23538	12081
2316	8156
8156	1121
4442	23309
4442	22075
23309	22075
23309	18030
2319	24432
24435	10340
20042	2320
20042	21365
2320	7055
13885	14222
13885	1212
20756	25093
20756	19358
20756	15334
25093	23492
25093	19291
6096	2321
9505	12191
5367	3479
12471	17473
12471	2323
17473	2323
17473	4863
2323	17281
10494	10784
23828	23529
23828	11468
23828	13543
23828	2325
23828	14309
23529	13543
23529	17286
23529	13953
23529	4117
5574	4117
5574	5511
5574	1997
5574	3970
5574	20422
4117	15169
4117	14309
2328	9581
11605	14094
11605	22718
11605	26480
25156	12194
25156	6343
3365	9267
3365	25870
3365	20442
3365	25520
3365	9047
3365	26566
3365	7018
3365	26196
15971	26706
15971	733
26706	3090
26706	9600
26706	21101
26706	9850
26706	2876
12943	21786
20853	1594
15320	5577
15320	24524
15320	9319
15320	22285
15320	21241
2336	22323
13771	2338
13771	11545
2338	14887
26159	10956
6865	20859
6865	23000
20859	16295
20859	23000
2341	7946
20804	2342
20804	22445
20804	6390
20804	14645
20804	14043
20804	26167
20804	6911
2342	5318
2342	6925
22445	5002
22445	25314
553	16253
15098	4198
13902	12376
2347	23646
23646	4148
3140	2348
2348	19252
1080	2349
14604	2350
2351	16433
2352	13586
13586	13432
13586	18716
21494	20072
21494	561
21494	694
21494	19199
21494	9458
21494	14823
21494	9488
21494	3735
21494	22503
21494	16856
21494	8420
21494	19579
21494	10973
3757	2355
3757	18543
3757	15137
2355	4118
2355	18504
14385	16852
16852	3265
16852	21338
16852	4040
16852	5752
16852	4107
16852	16865
2357	8146
2357	8140
8146	8140
18563	2358
18563	14522
18563	9967
18563	24333
3541	23492
3541	14610
3541	25836
3541	19301
3541	25646
23492	3909
23492	6812
23492	25646
23492	14610
23492	19358
23492	19291
2359	9088
2359	7274
2359	1505
9088	6375
9088	7274
9088	20834
9088	16349
22620	2360
4807	2361
4807	4961
2362	9439
9439	11248
9439	22996
9439	7112
11248	4278
11248	9181
11248	24780
11248	7741
11248	22996
11248	16253
2363	11951
11951	23666
24825	24663
24825	9113
3394	3965
3394	2366
3394	12272
3965	25641
3965	16566
4988	2370
4988	19227
2370	11819
2370	4992
11006	7658
11006	15429
2207	829
8587	15712
8587	18248
15712	2411
9183	2374
9183	24201
2375	5382
7656	7658
7658	15179
7658	23557
7658	13318
20846	4886
4886	23262
7874	22815
7874	25139
15785	19086
15785	8646
15785	12212
15785	12014
15785	22299
15785	16948
15785	14244
25205	2391
25205	12497
25205	25286
25205	24949
25205	26077
2380	17608
2381	8371
2384	18216
18216	7074
2387	2657
2387	18593
23091	18021
23091	13073
18021	2388
18021	5348
2388	13073
13073	11338
19262	16348
19262	8674
19262	14513
16348	20858
2389	12092
12092	456
20498	20766
20498	6906
20498	15328
20498	20263
20498	10826
20766	15827
20766	25404
20766	25664
17949	6123
17949	2390
17949	10214
6123	6121
20591	3276
24949	12497
24949	26077
12497	20711
12497	24507
12497	25155
12497	26534
10954	2393
23980	16753
2396	7480
7480	14189
7480	15501
7480	9460
7480	25304
7480	4071
7480	23654
2397	12999
12999	16373
2399	22045
22045	18993
2400	2026
26002	26641
2405	23006
23006	2421
23331	2421
2421	14520
2421	12054
2421	23464
2421	13341
2421	19277
2421	18615
2407	11947
2407	15697
2411	18248
19092	2412
19092	5652
2412	7688
2412	16883
2412	15709
9767	16883
16883	11225
15664	21141
21141	17744
21141	15263
21141	29
2415	9370
3031	2416
16830	25974
16830	17846
16830	2522
25974	1344
14520	13341
2424	13344
13344	20494
13344	12400
13344	22360
13344	25666
7466	17348
7466	3396
7466	26025
7466	16899
7466	23347
9228	15092
15100	12432
12432	12046
24757	19450
20196	2429
2429	12049
2430	23473
2430	1583
2430	19417
23473	6502
6677	2435
2435	8537
8537	14624
8537	2903
8537	4656
14624	2692
14624	20238
14624	26113
14624	16568
14624	22063
14624	10569
14624	24565
14624	17250
14624	21443
14624	7911
2436	14971
2437	22138
2437	19603
2437	18115
2437	20550
2437	19750
2439	6167
2439	4629
6167	4629
7136	11954
8674	2440
8674	10935
8674	8184
8674	3560
2440	13179
23145	2441
2441	864
2442	15915
22740	2443
25994	4557
25994	15554
25994	21030
4557	21979
2446	5580
8145	4655
8145	26222
5413	18426
5413	8094
5413	2453
5413	24324
18426	2453
18426	5868
18426	13732
2454	18980
18980	25403
2456	20851
2456	15588
2456	17885
15588	26426
15588	17885
16660	12872
16660	2457
2459	23635
2459	17538
21552	2677
21552	17289
2677	21383
23635	9981
23635	12006
23635	26584
23635	18960
11538	2460
11538	22925
11538	12418
11538	19202
11538	15810
20294	2461
9135	2516
9135	7535
20451	10354
20451	7828
2464	4190
2465	7011
2465	8611
7011	8611
17518	2466
932	2467
2931	18322
2931	8989
18881	2469
2472	15252
15252	1025
6975	26167
6975	14088
6975	19568
6975	11415
6975	24924
6975	6916
2474	22763
2474	3885
2474	7149
2474	901
2476	18907
2476	10688
2476	476
18907	5311
18907	7753
18907	14987
18907	16512
18907	476
18907	23601
18907	20852
18907	10688
4173	7683
13552	12651
13552	18580
9631	24002
9631	14307
9631	20820
9631	23532
24002	7174
24002	26643
24002	5506
24002	16839
24002	12146
20277	17113
20277	19529
20277	14540
20277	9613
17113	25487
17113	14540
11134	2479
2479	7453
12518	1631
14370	2481
9791	13339
9791	5308
9791	2482
22163	15555
23694	9956
23694	15388
9956	18799
9956	8821
9956	13596
16131	2490
16131	20597
16281	10939
16281	22106
16281	11235
16281	6381
16281	11671
16281	25528
16281	26113
15037	14196
2491	3359
3359	12745
17781	8804
17781	22713
17781	17434
8804	2422
8804	2493
2422	2493
2494	17978
17978	26155
17978	12495
17978	22451
26155	12582
26155	26398
26155	21252
12582	26398
12582	25269
3219	5978
3219	2569
3219	2636
3219	11610
5978	26483
5978	23043
5978	19904
5978	21880
9754	3175
9754	4251
9754	2499
24964	22904
24964	3475
26690	22397
26690	12421
26690	2858
26690	1249
2500	16890
2500	2858
2500	6604
2500	18795
2858	3967
2858	8463
2858	6945
2858	20492
2501	5829
4176	10638
4176	2502
4176	5397
2502	23988
2814	5570
2814	24988
5997	26479
11158	8134
11158	20154
11158	2507
8134	22839
8134	16474
8134	15391
12759	16878
12759	24948
12759	22479
16878	14567
16878	3058
18301	15375
18301	18383
15375	26716
15375	14428
15375	21090
15375	12767
16038	2508
2509	3494
3494	5449
11858	2510
11865	4649
11865	2511
11865	12615
11865	24227
17020	2513
17020	5363
17020	8794
2515	18500
2515	8374
18500	18002
18500	937
2517	13915
13915	24266
13915	26005
2518	25634
2518	19866
25634	19866
3411	5698
3411	5810
3411	23347
3411	18742
19231	17402
19231	14526
17402	13892
17402	22573
17402	19047
17402	9491
2560	3122
2560	2054
14523	4771
14523	23548
2523	10029
10029	15751
10029	10879
10029	19551
17397	2526
18283	2496
2531	9829
2531	21579
2531	7797
2531	5778
9829	19123
21579	2799
21579	14081
21579	8365
2533	25358
25358	5133
25358	20634
25358	9326
25358	16586
26220	22627
26220	26210
22627	2534
22627	26210
11806	2535
11806	17853
9700	23614
13892	4290
24348	2539
2539	9401
2539	8109
9401	8109
11017	12761
11017	5900
11017	8553
12761	3525
3525	13840
2543	13671
7633	17436
7633	6498
7633	2544
17436	17643
17436	8065
17436	15890
17436	21345
17436	22639
17436	17844
17436	22058
17436	23754
14345	2546
1716	15718
1716	26535
2939	2548
2939	9708
10154	9145
10154	2549
9145	10210
12322	2550
12322	14571
12322	17522
2550	14571
2550	24233
14571	1579
2551	2914
13661	4003
4003	6029
4003	6028
18790	24129
18790	10004
18790	16639
24129	14071
24129	15408
24129	26310
24987	2555
24987	24736
2555	24736
13687	2558
13687	17480
2558	26311
26311	14680
26311	1545
25943	24625
5370	15389
5370	4214
15389	16280
15389	13550
15389	14868
18677	14548
14548	11826
14201	2563
23254	10287
16489	20850
16489	7449
16489	22346
11138	17094
11138	9708
11138	22733
11138	23042
2566	23042
13781	2567
2567	9449
3593	2568
3593	6213
3593	21171
3593	23488
3593	7574
3593	6290
2568	23488
2569	18878
2570	6658
2570	24534
2570	6673
2570	11003
6658	8157
6658	11685
13671	21463
10809	2572
10809	20745
2572	20745
15801	2574
15801	17434
15801	17671
5800	9894
5800	2576
9894	2576
9894	7715
2576	22483
24783	2577
24783	17303
2578	23714
23714	5016
23714	16896
23714	1059
23023	18763
23023	11339
16958	2579
12397	2580
12397	499
2580	20767
20767	17434
17434	4089
17434	24273
17434	3897
17434	7754
17434	14952
17434	9817
17434	14389
17434	2936
17434	19957
17434	20716
17434	15315
17434	22542
17434	11642
6588	2582
13815	4503
13815	10757
2586	8291
8291	4939
8291	23705
8796	16494
2588	4542
4542	25749
4542	8704
4542	14125
19421	2742
19421	2589
2742	8128
9255	8987
9255	6715
9255	12490
9255	14467
9255	17613
9255	24520
9255	12800
9255	20812
9255	26081
2017	14851
22419	7336
22419	7098
22920	2596
13887	2597
13887	12684
19115	12520
19115	2598
12520	23041
2599	23993
2599	434
23993	24391
23993	12710
23993	23393
23993	24693
23993	24498
23993	25130
23993	3118
9457	2600
9457	23345
9982	851
9982	7838
9982	9701
9982	9687
851	10654
2604	17079
19167	2607
19167	25297
2607	25297
2608	2938
2608	3952
2608	21226
15965	15524
14334	2609
2610	19107
2610	3257
19107	3257
19107	4552
2611	928
13801	2612
2612	9579
23344	2613
23344	26256
23344	21769
2613	21849
2613	7366
7380	12101
7380	2615
12101	2615
12101	4596
12101	22391
2615	17988
9726	2616
9726	9657
9726	3863
2616	9657
14317	6746
14317	26675
14317	12597
14317	18564
21039	12597
21039	21359
2619	20384
2619	4861
20384	21455
2620	6593
2620	13218
18935	15410
18935	18723
18935	25643
15410	2621
15410	3588
15410	5320
15410	7752
15410	13079
15410	19552
7769	12637
7769	12617
12637	6244
12637	12617
12617	23731
12617	13465
24359	8132
24359	15704
24359	1296
24359	23065
24359	12010
2624	18777
12320	22402
2627	8027
8027	481
8027	24475
8027	13078
4454	7846
25103	2365
25103	17341
2365	17341
10366	26174
26174	22343
26174	12590
26174	10271
26174	11374
26174	22207
26174	15218
26174	13222
26174	2629
26174	25594
26174	26015
26174	3116
26174	6879
4752	13896
4752	10164
15160	3594
3594	13298
2635	12995
11610	2636
11610	2833
15263	8917
15263	15117
15263	24278
2639	2967
2639	18577
2640	15203
2640	23092
2640	3542
2640	6889
2640	2181
2640	5719
2640	9467
2640	14806
2640	9548
2640	13060
15203	23049
15933	18985
15933	18490
19315	1974
1974	5307
10050	11399
10050	12530
10050	13881
10050	25363
15977	16253
15977	8652
15977	2644
16253	1244
16253	17865
16253	2889
16253	9641
16253	4278
16253	18613
16253	20350
2645	18920
2645	5966
5966	24040
5966	25490
18746	16173
18746	2647
18746	5586
18746	25528
18746	7538
16173	3204
16173	55
2648	22661
22661	14573
22661	5801
22661	4305
22661	5768
22661	21462
22661	13461
22661	13325
22661	6502
22661	5627
22661	19876
22661	22695
22661	24396
22673	11946
18341	11645
10212	6182
2652	18548
18548	15385
20259	2654
20259	11156
2655	7919
2655	8022
7919	23423
14367	2656
2658	11347
11347	26493
11347	25127
8800	2660
3016	2661
3016	17132
2661	17132
1627	14503
1627	23129
23129	9229
2664	8265
2667	24260
2668	21651
2669	18587
6145	2670
6145	21413
6145	16358
2671	4384
2671	6080
4384	5959
4384	12967
2673	23965
2673	2672
2672	7194
7194	278
7194	25962
7194	12281
7194	17876
7194	25876
10083	7615
10083	26670
7615	11095
7615	6247
7615	10292
7615	14636
7615	19932
7615	22965
7615	17260
3211	23224
9435	24339
23036	14784
23036	9735
23631	2681
23631	15286
2681	9969
2681	15286
600	6801
6801	16405
19570	22667
22667	5446
22667	16001
15300	14203
15300	11157
15300	16144
14203	21400
14203	18214
1244	8919
1244	9234
1244	20646
1244	25138
17865	20666
10423	17129
13919	2687
13919	17358
2687	21390
2687	6062
2689	16071
2689	16467
2689	19555
2689	15053
2689	22368
2689	25339
3116	20569
3116	11841
3116	15575
3116	12590
3116	18481
3116	12279
3116	14184
20569	12279
2690	16940
2690	11976
16940	11976
16940	12222
2692	4221
2692	3175
21103	2695
2695	3164
2696	13366
2696	15258
2696	26716
2696	9436
2697	9084
2697	7744
2697	5002
2697	24779
9084	24221
9084	6451
9338	24035
9338	4724
24035	5842
24035	9336
24035	4684
24035	4765
24035	6003
24035	6550
24035	24137
24035	24792
24035	9493
24035	11382
24035	24540
24035	12765
24035	22842
24035	4724
24035	21938
24035	22408
24035	24906
24035	26065
14820	16132
2703	11804
2703	16408
11804	16408
11804	4430
13733	2705
13733	13689
13733	9985
13733	21291
21117	21846
21117	20535
21117	2706
21846	9633
20280	20285
20280	8749
20285	3309
24665	24627
24665	2709
24665	7563
24665	24873
24665	18942
24665	24667
24665	25252
24665	25909
631	7866
7489	26452
26452	2710
4716	26110
26110	3816
26110	7200
26110	24450
4269	2161
2161	2718
2161	8331
8331	2718
2720	9987
2720	9703
9571	25622
2723	17820
2723	20630
19041	2724
2726	4052
2726	16088
4052	16088
2727	4337
2727	10288
4337	20237
4337	15897
2729	4005
4005	988
4005	7032
4005	18784
4005	17937
4005	15490
8055	2730
2730	11560
2730	6156
2730	20541
2731	24067
24067	11007
24067	8857
24067	382
24067	10303
24067	19846
24067	26490
24067	9236
24067	11067
24067	12366
24067	11086
24067	14724
24067	25004
24067	4672
24067	9085
24067	25876
15492	19042
15492	2732
19042	11519
19042	2732
19042	7219
15014	19332
15014	7885
15014	17106
15014	26088
15014	13293
15014	9798
15014	17796
15014	3897
15014	17103
15014	7999
15014	17759
14786	24255
14786	23054
14786	17062
16989	9186
16989	3225
23939	12557
5586	2751
2736	15738
2736	14849
2736	3647
2736	21973
15738	8352
2741	16574
2741	19325
2741	3235
16574	22870
16574	10432
16892	8474
11220	11126
11220	21826
11220	2911
23097	15623
23097	23099
15623	2747
15623	15004
15623	21389
15623	18233
2747	18233
2747	15004
2748	16252
16252	9069
16252	25632
2749	16451
2647	24248
2647	5731
2167	2753
2755	2497
2755	2540
2755	2371
2497	17662
2497	21519
21033	2478
21033	18159
2478	16959
2478	18159
568	13370
2759	13414
2759	4904
13414	2998
13414	14458
7544	6157
7544	20637
6157	13121
20588	3629
20588	10899
20588	8196
3629	6031
3629	19164
2762	18102
13936	12300
13936	8941
2767	14920
10649	3106
2770	4188
2770	5961
2770	6303
4188	11314
4188	6303
24387	21391
24387	13447
24387	16029
24387	5262
24387	5882
3146	2771
2771	20633
2932	20633
2774	171
7619	26716
7619	4253
7619	17042
7619	15348
7619	26590
7619	5450
21675	20095
21675	10160
20095	2780
18455	2788
18455	7479
18455	14168
18455	14371
2788	14168
4348	15505
4348	2792
2793	10774
11840	2542
2542	18250
1078	2796
1078	22046
1078	20728
2796	4799
7550	3069
644	7128
12926	2797
12926	4178
2797	4178
10195	2798
2799	8510
2799	18087
2799	21616
2801	12098
6198	2803
6198	5052
6198	10209
2803	10878
2803	1113
2805	19980
11558	13319
11558	2310
11558	17096
11558	5646
11558	23002
18451	24058
18451	22181
18451	7527
18451	10152
18451	19739
18451	21864
18451	22106
18451	13274
24058	19739
24058	8038
24058	9227
10886	2810
10886	20227
10886	17544
2811	25786
25786	11860
25786	25561
2812	8240
14386	21007
14386	5227
14386	22344
14386	10632
10639	6262
10014	6299
5570	4004
5570	16612
5570	9321
5570	17488
5570	6667
5570	26366
13884	8110
13884	18556
13884	2815
2816	4201
2817	21949
25645	2819
25645	18711
25645	26628
2819	23662
20120	6651
20120	4096
6651	21721
2820	23690
2820	11868
2823	11151
11151	11949
23127	2824
2824	3293
12168	2827
12168	2004
229	2828
2410	3529
3529	8801
2829	18818
2829	21975
2832	7391
2834	15291
2834	12263
2834	16896
2834	15893
2834	25301
19180	14200
2837	21747
2837	254
16310	2842
2842	11966
22037	2843
2843	19821
2843	20475
2843	10615
2843	5712
2844	10466
2844	16728
12417	274
13336	2847
13336	2544
2847	2544
2847	6498
2544	21152
2544	16526
2544	6498
9713	2848
16483	26235
16483	20462
16483	10753
16483	21772
16483	23733
16483	4725
16483	3503
2850	15979
2850	10872
2855	18513
20291	20094
20291	7464
20094	7284
20094	23977
20094	2856
20094	4193
2859	15670
2859	4758
2859	15958
2859	10333
15670	5746
1224	2863
2864	5379
23553	24165
23553	15087
2867	4650
14956	2868
2870	26643
26643	10810
26643	4792
26643	25368
26643	15960
26643	22725
26209	2871
7308	22594
7308	21992
7308	24022
22737	13835
2875	4744
2875	2878
2875	12741
4744	2878
4744	9570
733	4489
2878	18635
2879	21015
5938	23236
5938	13084
23236	22349
23236	13084
23236	26334
23236	25274
2880	22349
1992	4545
10916	16303
10916	14047
10916	25768
16303	14047
16303	25768
10328	2887
10328	24296
13261	19647
13261	15609
19647	1169
19024	21563
19024	17347
21563	17347
21563	23710
21563	23058
20596	2897
20148	8182
2898	22940
22940	11277
22940	5827
22940	17004
2900	25973
18727	2901
18727	12751
18727	8183
18727	14228
4793	16003
4793	21348
24828	20231
24828	2623
24828	25676
24828	25503
24828	24905
20231	11578
20231	15230
20231	11231
20231	23793
12751	2902
12751	14228
2902	8183
20666	25503
20666	3308
20666	6373
20666	16628
20666	25940
20666	6263
20666	23381
22280	2904
22280	3102
14116	2906
25643	2908
25643	16250
25643	15506
25643	4345
25643	3531
25643	11230
25643	14975
25643	18452
25643	16068
25643	19552
3565	17534
3565	2912
3565	2040
17534	5065
17534	11869
17534	2910
2912	8149
15876	8124
15876	1107
2915	20825
20825	18079
13553	22654
13553	18962
22654	3843
22654	13724
22654	19202
22654	2916
22654	5934
18142	2917
2917	5202
2831	7454
7454	19514
7454	6464
7454	16484
7454	24446
17261	5901
15665	2921
2921	816
20657	26193
4560	10636
4560	2922
4560	21055
2923	21232
21232	7923
21232	25070
21232	26570
21232	26593
21232	26594
2925	8422
14700	14041
14700	4944
14189	15429
14189	21377
14189	22584
3120	9016
3120	12797
3120	12805
3120	17051
9016	17051
9016	24681
18044	26143
18044	14293
18044	15719
18044	21570
18044	20150
18044	22426
13914	2928
13914	4045
13914	10417
2928	10417
2928	5281
2928	4045
10417	6726
10417	8103
10417	13748
2933	19001
2933	13376
2933	16040
4802	13473
4802	22373
25433	10202
25433	12317
5459	2881
2937	25514
23809	9857
9857	14524
9857	16858
9857	26120
9708	20454
2941	16052
24851	26059
24851	9231
24851	20557
24851	18367
26059	7277
26059	5111
26059	126
2944	16065
2944	13734
2944	8106
2944	19322
2944	18922
2945	22735
22735	5882
25847	16097
25847	24518
2946	9695
2946	11364
2946	26257
9695	17490
2947	4639
2947	23664
4393	2948
4393	8870
2948	25916
2948	3840
2948	2782
2948	14592
2948	6599
2948	1925
2949	11230
11230	8644
11230	10769
11230	26205
11230	17629
2950	6528
6528	4899
6528	9047
17178	21518
17178	16344
21518	14180
16344	25139
15506	17156
17307	9960
21077	2956
18444	8116
18444	3576
18444	11691
18444	23625
18444	19201
18444	18417
18444	13138
8116	13138
8116	16118
8116	11838
2909	5321
2909	2957
2909	5265
2909	8212
2909	18991
5265	21052
20558	2959
20558	11595
20558	1852
20558	12725
20558	14202
20558	8935
20558	22424
20558	8700
20558	25683
2959	12725
5902	428
5902	7141
5902	16010
5902	3366
13517	2961
5482	2964
2964	23942
2965	22976
2965	16417
2965	15377
22976	14539
22976	23413
22976	23334
22976	16417
22976	13824
22976	21504
22976	284
2966	22119
2967	3874
2967	4140
2967	402
15891	2968
15891	20733
2969	16005
2970	20127
20127	8888
20127	18241
20127	23579
2971	22437
14843	9883
14843	12841
14843	10640
14843	11317
9883	2973
9883	10640
2973	11166
3379	9954
3379	4749
3379	26195
2975	3808
3808	856
20237	19000
20237	3911
20237	18949
20237	13753
20237	13836
20237	2977
20237	4712
19000	8946
19000	18858
23392	19230
23392	20827
19230	17810
19230	7749
2977	18643
2977	14654
2977	18949
2977	20075
18643	12435
18643	18641
1408	23600
8185	2981
14806	7348
14806	11451
26581	22944
26581	9316
2987	14150
9995	5445
20646	1123
4724	12465
4724	15308
12465	12466
12465	18457
12465	21288
12465	3250
25428	24509
25428	14485
25428	10323
25428	21618
24509	2989
24509	25486
25486	10323
25486	2989
10323	22811
10323	24885
2994	16968
2994	19798
2994	21376
16968	21353
2996	23607
2996	18225
2998	18481
2998	21375
5807	3000
3000	16796
3000	9948
6374	26366
6374	8716
6374	25698
6374	6916
6374	10297
6374	4101
6374	19893
6374	20954
6374	26067
26366	3286
26366	3480
26366	16219
26366	10968
26366	21977
26366	24146
26366	11595
26366	17245
26366	25540
26366	22415
26366	25984
26366	8915
26366	7212
26366	24621
26366	25876
11835	3006
11835	21010
11835	9722
11835	10833
3006	6342
3006	20449
3006	25746
21010	9560
15208	3009
22203	3010
22203	20415
25276	22007
25276	1570
25276	23247
25276	20744
22007	1831
1831	20744
16630	26074
16630	12740
18855	13232
18855	7240
2102	26105
2102	3015
26105	23633
7971	8054
7971	11715
7971	22078
7971	16641
7971	19715
7971	15586
7971	12969
7971	8074
3793	4864
4864	3794
8129	6649
8129	20817
8129	8487
6649	20817
20817	20187
2713	3019
2713	21931
11208	3020
3020	12114
21341	3021
3021	1839
3021	25874
10222	3024
3024	17929
3024	9251
8103	24444
8103	9365
8103	7500
8103	16528
8103	20730
8103	5306
8103	23317
8103	18709
8103	23766
13319	13898
19140	14950
19140	18919
16867	3028
16867	4858
3027	12133
3027	23269
19125	3030
19125	4881
3030	4881
4262	18901
18588	24860
18588	20496
24860	5853
24860	6105
24860	19478
24860	12141
24860	24576
24860	26011
24860	2312
21838	7726
7726	8926
3038	20653
5808	24636
5808	9491
5808	23588
17125	3041
17125	11047
17125	11046
3044	22349
3044	22477
22349	8669
21007	22344
21007	5193
16126	4261
16126	107
4261	107
4261	22368
11133	9584
9584	24236
15053	26439
15053	23904
15053	17970
15053	20700
15053	24551
15053	25883
26439	5140
26439	8335
26439	22830
26439	24932
26439	25449
26439	25870
26439	25915
3051	7157
10255	3052
10255	12472
10255	4118
3053	6329
12330	26540
7212	25431
7212	9029
7212	15307
7212	13317
7212	18703
7212	9077
7212	6945
7212	19380
7212	5046
7212	19433
7212	7278
7212	23880
7212	24994
7212	5621
7212	7066
7212	25615
3055	2154
2154	2172
20969	3056
20969	26156
20969	19218
20969	6808
20969	9955
20969	18747
20969	14856
20969	23343
20969	26086
25840	12443
14567	25090
14567	11361
14567	19510
7481	3059
7481	5157
3521	3060
3060	25463
3060	16277
3060	20512
727	12889
727	25041
727	25018
727	13099
16202	6166
6166	10284
13905	2470
13905	23533
13905	9560
13905	25999
13905	25126
13905	13699
13905	15881
13905	20244
14312	4816
7682	3063
7682	20319
7682	12895
3063	12895
11501	3065
3065	19820
415	20388
7042	19993
7042	5441
7042	15848
7042	13928
7042	25087
7042	1165
7042	19477
3068	21325
21325	21785
21325	19964
21325	22826
3069	6545
3069	16264
18597	3070
18597	16819
3070	13901
3072	22503
3073	12138
3073	10536
12138	3015
12138	9454
12138	24515
3074	9940
3074	17353
3074	12612
9940	3438
9940	12612
9940	8290
3076	7634
3076	11221
7634	11221
7634	18838
7634	20113
11221	1533
3078	9021
3078	19906
3079	557
557	8449
9765	3080
9765	17161
3080	17161
25421	7098
25421	8651
25421	15111
25421	8968
25421	5881
25421	1144
7098	6529
7098	12234
7098	26422
7098	18485
7098	6818
7098	22450
7098	17754
7098	8864
7098	6034
7098	24401
21303	21177
3083	23831
3087	3091
3088	13317
13317	15139
3089	17718
20831	24165
3090	2876
3092	11513
3092	5536
11513	11792
11513	17825
20000	3093
23394	12416
12416	3096
12416	16517
18336	15818
18336	3097
15818	19281
11367	3101
11367	8567
3101	15909
3101	20356
3892	3103
3109	14384
22968	6066
6066	3112
6066	6143
6066	13117
3113	25846
3113	5423
25846	15639
25846	25985
25846	24709
9827	3114
9827	10599
9827	12678
3114	22380
24081	9366
24081	17971
1773	11817
1773	17616
17616	5501
24040	22766
24040	24017
24040	26233
8442	6505
18251	3432
18251	7781
3121	4388
4388	21284
5556	3123
5556	24336
3123	18527
24811	7176
24811	7077
24811	24136
24811	26316
7176	20737
3124	7018
7018	26479
4814	1940
4814	3130
24867	24782
3131	20836
3133	6114
3133	26572
3133	21879
6114	26572
23296	14954
23296	19091
23296	22840
12606	12723
12723	10182
3134	6650
6650	5641
19514	24017
19514	16013
19514	25187
2717	3137
2717	7784
3137	7261
7128	6320
7128	9975
7128	1131
17566	3139
5724	11973
5724	8309
11973	8309
11973	21600
16454	3390
2666	3145
3148	4653
4653	24139
4653	18215
8237	3150
8237	1247
9786	20340
20340	6034
552	25219
552	19708
552	26254
552	21167
552	3817
552	24658
3153	18189
18189	24659
21915	12184
21915	21036
3158	21509
25749	3162
25749	22608
25749	7309
25749	22278
25749	19186
25749	2783
3162	7108
3162	8373
7108	21133
3164	8550
3164	19436
8550	19436
6097	3166
6097	20289
6097	6428
6097	10495
20289	10495
3167	9926
22453	13845
22453	22918
22188	3172
5716	11258
11258	3173
11258	20463
11258	9830
11258	11036
11258	11673
6518	3175
6518	4099
6518	4204
6518	18927
6092	3177
6092	11867
3177	11867
11867	6586
3178	1570
3178	6312
1570	4608
6772	22558
6772	3179
6772	7461
6772	13843
6772	1594
6772	15637
6772	20312
22558	13843
15525	23137
15525	4582
15525	23889
15525	24997
3181	17837
3181	9811
3181	19483
3181	23533
3183	17361
3183	11317
17361	13581
17361	18815
3186	3431
3431	21924
15195	13694
15195	21924
13694	21924
13694	6732
3187	1023
3187	23285
1023	23285
24644	24701
24644	24364
24644	22431
24644	3188
24701	24364
24701	6712
8392	3189
8392	23033
8392	24287
21939	9785
21939	8204
21939	9470
21939	293
20848	16179
20848	23556
20848	25245
20848	13690
16179	4383
16179	4387
14495	8313
14495	13725
25608	25005
25005	3194
25005	18668
21932	3196
21932	12743
21932	15990
14290	19157
14290	172
19157	16397
19157	21323
3198	15694
3198	8927
3198	12866
3198	15934
3198	20798
3198	775
423	9826
423	21815
423	11857
423	22234
3205	24976
3205	8995
25446	26362
25446	26636
25446	20954
25446	16055
25446	24864
8663	3209
8663	5309
8663	25578
3212	7482
7482	16267
7482	26372
7482	24648
3218	19393
3218	20192
24810	14234
24810	1748
14234	8508
3229	16459
3229	7739
16459	8832
20510	18503
20510	9772
20510	15383
20510	7509
18503	9772
15540	17201
15540	4918
17201	4918
10766	3230
10766	22906
10766	3957
10766	17603
17348	3232
17348	17669
17348	8297
3232	14928
14337	22698
22698	15288
10055	3235
1527	16920
16920	13809
3238	3108
3238	22152
3238	13809
3238	14963
3108	14963
4008	6697
4008	11531
6697	4853
6697	21310
6697	17721
6697	22386
6697	10651
6697	17241
6697	19931
6697	8717
6697	19979
3241	17420
3241	9640
3241	22472
17420	9640
9640	4232
9640	17299
9640	6996
14736	22734
22734	24624
22734	18755
9041	3243
9041	18755
8844	3244
8844	26497
11546	3246
11546	6412
3246	11934
11934	6412
5020	22676
5020	3248
3250	7385
3250	12694
3250	22035
3250	17604
3250	8795
3250	18457
3250	19448
3250	22744
3250	5627
3251	19656
14149	8572
14149	23742
14995	18475
14324	3253
3253	19388
19388	4884
19388	7127
13109	3254
13109	6079
6079	14004
6079	9091
14004	9091
14004	22498
13484	3384
13484	15366
13484	4660
11847	1872
11847	3258
11847	5463
1872	19136
1872	19106
23906	5551
23906	3812
23906	10414
23906	15308
23906	13513
3259	23842
3259	4779
23842	23620
23620	4571
25748	3260
3261	25296
25296	7408
25296	19609
22079	10183
22079	16455
10183	15520
3958	3264
3958	3136
3958	23597
21338	5752
21338	4040
21338	19913
7842	3266
16550	3267
16550	17401
16550	22618
21527	17723
21527	3270
3272	1877
1877	13810
1877	8590
3969	3274
3969	5644
9815	5640
11829	23010
11829	4338
11829	16548
3277	9378
3278	10498
3278	5630
13345	3279
3280	14781
3281	2483
4606	5464
4606	25480
4606	23959
5464	6381
3285	12316
12316	9321
26056	17253
26056	11078
26056	25125
17253	25740
17253	20352
2781	18614
2781	7719
2781	12047
2781	8481
3286	4179
25451	18417
18417	4691
18417	17900
18417	5346
18417	12354
18417	13138
18417	6883
18417	8193
18417	10625
18417	16701
18417	11488
18417	11679
18417	21212
18417	18290
18417	23757
18417	19502
18417	22285
21306	9859
3291	2778
3292	22048
3292	21669
22048	21669
10497	13283
13283	3294
25563	24098
5959	19081
5959	7665
7301	3299
22586	21501
22586	3300
22586	22904
21501	13314
21501	22904
17498	3301
11386	5642
11386	21545
11386	9309
11386	15601
11386	11807
5642	4529
5642	21545
5642	21839
5642	6458
5642	10218
5642	21340
8593	1113
1113	21334
1113	8666
26468	23052
3305	3878
13814	3306
21309	3308
21309	3312
3308	3312
16750	16673
16673	8656
3309	2708
3309	13442
3309	22061
23559	162
23559	5766
23559	10695
23559	22590
16152	3310
17410	8414
17410	21413
8414	4184
16169	25422
16169	20906
25422	17925
3315	21283
3315	22590
3315	7012
3315	25447
3315	26505
21283	14844
24524	14379
24524	24039
24524	23264
4373	5569
4373	25243
4373	16177
15963	3318
3319	14163
3319	21719
5543	3321
3321	8498
1772	3323
1772	15003
1772	16803
3325	9154
9154	24980
9154	5875
18348	23763
18348	21918
18348	23735
18348	25742
15758	14591
15758	23799
4675	20027
16396	3327
16396	3513
7421	11741
7421	3330
11741	3330
11741	24577
3330	18042
3330	24577
11841	24353
11841	19941
11209	3331
11209	10289
11209	5002
3332	8996
8996	3523
8996	8881
8996	20681
8996	6118
8996	7085
17543	12739
17543	12367
12739	12032
25282	3333
25282	2634
25282	5611
3333	6131
3333	12032
3333	12367
3333	9002
20956	20290
20956	10382
20956	9569
20290	7178
20290	8964
20290	12149
20290	24113
20290	25355
20290	26474
20290	24138
7178	26474
7178	26407
21992	3337
21992	5476
16628	20194
16628	22846
3340	19362
3340	5820
3340	13158
19362	4113
19362	19440
19362	5820
19362	5843
4850	3341
4850	16228
4850	19137
4850	14855
3341	24186
9336	6556
16277	3346
16277	8477
16277	15824
16277	25157
9066	3347
3348	20310
3348	14007
20310	23030
20310	14687
20310	13164
20310	4979
20310	14007
20310	5468
20310	18296
20310	21757
20310	5483
15992	7233
15992	12818
7233	2874
23419	3353
3353	14258
3355	18866
3355	14377
18866	12714
18866	2385
24070	11795
24070	25031
24070	8576
11795	19693
3356	25031
3356	12952
3356	16788
3356	12899
3356	8053
25031	12952
12952	12899
5426	3360
5426	5657
3361	1036
3362	13004
13004	4483
5305	18247
18247	15602
18247	6061
18247	15431
16868	3364
16868	5705
3364	3461
3369	6393
3369	24156
3369	7224
3369	13425
3369	14170
3369	25542
6393	11740
6393	11779
16151	9147
16151	20021
9147	4144
9147	23895
9147	14306
9147	19806
9147	20021
3371	13184
3371	25374
13184	20854
18281	22507
18281	3373
22507	3373
6957	6396
6396	22772
6396	15265
9365	15008
9365	20946
19358	3378
19358	20849
19358	3783
19358	16142
19358	11154
19358	1484
19358	25646
4187	24338
22344	5227
22344	5406
4530	3381
4530	11355
4530	21188
3382	13161
13161	16996
3383	26106
26106	8919
13325	13148
13325	20888
23108	3385
3385	11972
6825	5623
3387	21730
3387	20390
21730	9752
21730	6039
25439	3388
25439	12507
3388	17950
3398	3389
3398	17837
4167	6205
4167	2344
4167	18958
4167	21616
4167	22394
4167	8947
3390	20612
24176	3391
24176	7072
24176	10449
3391	8600
3391	18454
2010	22182
25092	3393
25092	22360
12272	5298
12272	22700
12272	5539
13002	16648
9747	16522
24322	12569
24322	3397
17837	21472
17837	12007
17837	14761
17837	10182
17837	19379
17837	1764
26296	12142
26296	21870
26296	26559
26296	21763
12142	21763
3400	1056
6844	3401
6844	9202
9202	24423
9202	22212
9202	22332
21272	15732
21272	5866
21272	20516
21272	22474
21272	26176
21272	9658
21539	14037
21539	21674
16804	8081
3409	14332
3409	23929
14332	23929
3410	4351
13148	6111
7780	19131
7780	19651
7780	3412
19131	3412
3412	4877
3412	19651
26162	10991
26162	22302
10991	22302
10991	10993
12302	24770
12302	11498
24770	11383
8010	3419
8010	18178
19	3421
21436	21193
21436	3422
21193	8552
21193	3422
21128	3423
6191	6667
6667	16973
6667	16829
6667	23603
6667	11570
6667	17488
6667	11191
6667	21671
6667	20374
9751	3424
22971	3425
5644	17388
5644	21080
17388	13865
5910	3427
7727	16075
7727	5817
7727	4326
3428	20426
21924	6732
8682	3433
13920	3435
16568	6172
16568	9608
16568	17250
3437	18441
3437	19854
3437	21929
18441	3706
18441	6019
18441	21663
18441	23783
19854	21929
3438	8290
17353	17000
8290	10434
8290	17000
12806	3439
12806	8008
12806	16789
12806	19637
3439	6098
3439	8008
5614	23667
5614	12345
9161	11688
9161	25174
9161	3441
11688	3441
3443	13266
3443	15067
3444	2775
20434	3446
3446	11955
3447	8428
8428	5381
3448	23455
3448	16635
23455	23457
3216	23566
23566	5201
16600	21406
16600	3449
21406	3449
19824	3450
3450	22496
3624	3451
10578	14966
10578	7641
10578	2860
10578	18955
10578	20474
10578	19224
5672	22876
5672	3453
22876	13861
3453	15226
3453	2585
15226	4967
15226	13152
21736	3456
21736	8269
21736	24321
21736	20014
21736	9412
21736	10021
8269	25375
21067	9586
15059	22946
15059	5349
15059	26541
15059	1316
22946	25554
22946	3366
22946	26489
3459	15899
3459	11366
15899	10858
15899	18552
9653	3460
9653	11880
9653	2587
9653	13524
9653	14142
3464	25480
25480	8922
25480	12594
3466	26373
3466	22495
3466	20954
22495	6410
22495	20648
22495	21097
22495	322
6410	21097
16642	7442
7442	4581
7442	6631
7442	21161
7442	8139
7442	6085
680	6028
680	3468
4754	3469
4754	18401
4754	24963
4754	4734
3469	12797
11491	3471
3472	8951
3472	17220
4101	3473
4101	25613
4101	25869
3473	24520
3473	26389
3473	25087
3473	20910
3473	10292
23652	26267
7046	21386
7046	26363
21386	12494
21386	10374
21386	9229
21386	3477
17992	9229
3478	24162
23727	3479
23727	11306
23727	20256
3479	15852
25546	20957
25546	5499
25546	17962
25546	12012
25546	18772
4983	3484
3484	7144
9209	24838
9209	3482
24838	4719
24838	6153
24838	7088
24838	9227
24838	26000
20038	8650
20038	4357
20038	10329
20038	21262
20038	15039
20038	15164
20038	21892
20031	3483
3483	9860
447	4357
7144	12365
7144	3845
5351	3486
15136	8981
15136	6707
8981	11260
3487	16122
16122	24159
3488	25100
3488	24622
25100	24622
18229	3490
18229	14287
3490	14359
14287	25101
2419	18357
2419	5364
2419	21235
18357	2712
18357	18631
3493	1344
3493	9329
1344	8921
1344	22423
1344	6107
1344	3022
25904	7346
25904	10386
25904	7588
25904	9367
25904	6683
25904	21895
25904	23917
8160	21894
21894	3495
16921	8375
16921	10359
16921	5389
16921	15882
16921	15766
16921	11350
16921	8340
16921	16571
16921	21556
8375	5389
8375	26263
24265	15766
24265	3498
15766	12459
17935	3500
17935	15106
16564	21692
16564	9528
16564	12842
16564	2757
16564	14892
16564	17447
16564	23908
21692	15305
17933	24342
24342	3502
24342	17889
3503	2848
2848	11474
2848	17954
2848	23659
2848	6797
2848	26123
14471	3504
14471	8938
25710	8166
25710	1757
25710	9843
8166	9843
18554	3506
18554	14529
3506	13256
3507	3132
3507	16341
5514	6630
26007	3511
26007	19487
8983	16212
16212	17986
11544	3513
7362	25822
7362	3515
25822	3515
26314	22405
22405	26457
12039	3516
12039	11616
12039	24532
12039	24086
3516	4687
3516	24532
9007	3519
9007	26326
3519	26326
8766	3520
8766	6683
12530	3526
11122	12542
11122	13775
1470	10391
1470	17735
1470	23972
8757	3530
2522	8441
7758	3535
7758	8421
7758	14159
7758	9274
25436	3978
25436	12414
25436	20538
25436	23243
25436	26382
17401	26091
17401	12043
17401	4643
24098	22511
3538	10157
3538	10944
14610	25836
14610	20402
14610	23846
3909	19291
23092	14497
7559	19965
7559	14877
19965	5418
19965	8455
19965	10651
19965	7970
19965	23072
19965	14136
19965	8464
19965	8100
19965	21833
4890	5698
4890	4546
5698	24397
5698	5501
5698	12632
5698	12641
5698	12682
24255	17292
23768	3545
23768	17743
3545	23924
8694	18296
8694	8335
18296	132
3558	3550
3550	13756
21616	16965
21616	13903
10359	18318
10359	3554
10257	3554
3557	4356
4356	5532
5532	15472
5532	1728
5532	14067
5532	6320
5532	1560
5532	14882
5532	23503
5532	25560
5532	26513
9568	19050
9568	1708
9568	9533
9568	8965
9568	13756
9568	4000
19050	13756
259	20007
20007	4355
20007	6992
20007	12477
20007	17656
20007	22483
11646	23358
11646	7962
11646	5378
11646	6709
11646	11079
11646	3564
11646	21187
11646	23720
23358	4663
15007	2095
3561	5971
19780	16031
3564	21396
3564	17081
15544	18212
15544	23872
15544	18097
18212	23872
23872	18097
3569	21587
11724	25016
11724	15311
25016	24024
25016	18179
3570	17665
3571	14541
14541	10298
14541	22916
14541	22313
14541	24711
14541	8707
19399	19850
12053	3573
12053	10866
3573	17061
11830	15135
11830	3574
11830	20260
11830	19465
11830	22482
15135	20260
3575	20489
20489	8511
21604	9319
21604	12490
21604	11843
21604	6845
9319	20893
9319	22841
9319	20976
9319	17317
18575	3577
18575	10093
18575	6489
21385	4434
21385	24617
7461	3580
21560	3581
2992	3584
4804	23527
23527	21791
1638	3587
3142	16960
2728	3596
3598	20197
20197	17774
21216	3893
3893	12957
3893	12266
3893	12134
3893	1509
3893	10010
3599	12266
3605	3872
3872	3894
3894	20612
3894	19287
3894	16402
3894	7545
3894	15907
12962	2503
12962	15823
12962	13875
2503	15823
15823	18689
14977	11868
14977	23131
14977	7763
11868	5780
11868	5232
11868	9760
11868	26585
11868	20717
11868	21224
11868	23468
11868	26338
11868	24347
11868	9867
10442	3606
10442	17640
10442	4811
10442	18499
10442	24006
3606	7590
3607	18013
18013	14441
3609	22471
3612	5017
3612	9705
3612	4868
5017	24572
5017	13796
5017	23738
3337	3613
3337	6330
23267	3616
20361	3619
14018	13842
13842	21567
15075	14472
15075	3621
19472	22929
18071	5250
5250	19741
19741	3626
19741	19716
19741	2398
3628	17254
3628	9663
17254	13164
17254	20716
6031	21930
6031	22476
3630	4198
4198	15070
4198	23916
3631	23265
23265	6885
23265	11992
23265	20089
23265	15942
23265	21012
23265	23708
15018	3633
15018	18552
3633	15186
3633	14921
15188	15923
15188	15020
26122	3636
17923	10669
17923	3637
25199	22581
4704	3639
4704	21195
4704	5613
6	3641
6	6705
6	12480
6	23143
3641	23143
23143	6705
19108	3642
9717	3644
9717	24624
3646	4607
3647	4133
3649	21356
21356	23062
23062	8541
23062	11849
23062	8478
23062	15177
747	16648
3659	7884
3659	18094
23856	3653
24461	7397
7397	7396
7397	10596
18195	3590
18195	3656
18195	22101
3657	11753
3657	24925
3657	25149
11753	25149
24925	25149
18094	5172
18094	8035
18094	19632
18094	12917
18094	12807
25623	10512
25623	5175
10512	11723
7895	3660
3660	11723
3661	6287
19731	3662
19731	23427
19731	24612
3662	4451
3662	23427
23427	4451
12981	8002
12981	14293
8002	3665
8002	21919
3666	12905
3666	7870
12905	19736
12905	19648
12905	24063
6307	3668
6307	12839
3668	12839
3668	11711
8088	4459
8088	3670
4459	16740
3670	16740
16740	16787
3702	3671
3702	4437
3671	4437
2151	18048
807	3675
807	3674
807	11783
807	5190
807	16644
19643	15630
19643	3676
15630	3676
3679	11782
12961	3680
3680	4452
3682	23874
3682	5225
3682	13076
23874	13076
6246	3687
1207	3690
1207	3917
1207	21412
1207	17536
1207	13547
3690	5262
3690	12954
13000	16724
16724	18068
12896	18068
12896	12975
18166	5
18166	12819
18166	18153
3695	19747
25625	3696
25625	19781
25625	23463
23432	3697
23432	15589
3697	15589
3699	16748
3701	19617
12859	3703
12859	14364
3703	4445
3703	16763
16746	3704
7409	3705
3705	19783
3707	11776
3707	8024
11776	8024
3700	3708
3700	11777
5917	3711
5917	2593
2593	20296
2593	1874
2593	20495
13016	3712
16378	3714
16378	4447
16378	5159
16378	5196
16378	5172
16378	15592
16378	7445
3716	3322
5268	3717
3717	5845
6272	3718
3855	24477
3855	4439
3720	5179
5179	7399
7944	16721
22984	5317
22984	20495
3727	5242
3727	6269
3728	13034
3728	18174
5747	15559
15559	3357
13034	5894
13034	15808
13034	16386
25865	23469
25865	23883
25865	11745
23469	18139
23469	23883
23883	18157
3729	18157
18157	11745
4036	3730
3730	7856
3730	19672
3730	6304
3731	3667
22135	5266
5266	3733
3737	7254
3737	13193
3737	19318
3737	26536
3738	24061
24061	6819
14634	20346
20903	13007
20903	11355
20903	23799
23702	11207
23702	11146
11207	3864
2367	3744
9441	3745
5484	3746
5484	15504
5484	10827
5484	19032
5484	25859
5484	25187
10109	3747
10109	23395
3750	5311
3977	3752
3977	3753
3754	23836
23836	21802
23836	165
9895	3755
9895	14930
7438	3758
7438	12950
7438	5211
3758	5211
18983	4662
18983	17180
18983	4887
18983	14547
18983	3759
4662	3759
4662	10129
3759	1999
3759	14310
17670	18382
17670	16761
18382	16761
3763	14617
8413	7591
8413	20707
3772	12659
3772	15601
10737	875
10737	6000
5448	10209
5448	11553
5448	10941
5448	4525
5448	12394
10209	4525
11553	12394
4785	3769
4785	3962
4785	13537
3769	17842
3769	13537
3769	16368
13746	21374
6051	13537
19790	3773
3773	25017
3774	19172
19172	10859
22936	16244
22936	8734
3777	14651
14651	25547
13042	1832
13042	22114
13042	3778
13042	13048
13042	5229
3778	22114
3778	5229
22114	5229
18964	3779
3779	20151
17711	20050
3782	16403
3782	25842
16403	23464
16403	14957
25842	23464
3784	4038
3784	3949
3949	13302
2960	16964
2960	3785
3789	15585
15585	25039
15585	1822
21263	24198
21263	3792
10872	5900
10872	14765
10872	8021
10872	13445
10872	11534
10872	21685
10872	11234
10872	15531
10872	3546
4903	12382
23440	20071
25498	9605
3794	8816
9875	3795
3796	22774
22774	10411
22774	1484
3579	3799
17200	1975
16420	3803
16420	17416
3803	17416
3803	390
3804	14153
3804	9912
14153	9912
14153	8390
9912	26204
13071	3805
13071	6281
13071	18122
18721	12004
12004	3806
12088	3807
12088	10801
12088	13391
4581	15451
4581	26151
11970	3814
11970	9545
11970	9609
3814	9609
3814	10040
3817	20954
12030	25805
12030	7425
3819	15557
3820	4573
3820	16751
3820	25727
4573	16751
4573	20479
3821	5399
3821	8094
21002	16219
16219	17908
16219	6084
16219	19326
21929	3831
11438	16967
19027	3832
3296	22582
3296	9962
3296	9343
25629	26068
26068	3833
26068	20643
26068	15056
3834	20580
1035	3836
3842	6036
6036	15905
15905	9111
11448	9111
9111	2406
9111	19146
9752	17048
9752	11008
9752	6039
9752	20390
3844	21727
3845	17091
3845	12365
3845	9676
12365	14339
9591	3853
9591	21598
9591	21613
9793	1565
18801	3849
18801	5841
3853	21613
21613	17977
21613	16206
21613	23747
21613	23032
21598	14513
5376	3854
3719	4439
8223	3856
3857	16929
9993	18342
9993	20308
9993	23648
18342	22762
3862	9650
3862	12176
3862	20243
3862	21102
15147	20329
15147	3868
15147	20464
20329	20464
3377	3871
20612	17039
20612	11343
20612	19847
20612	15907
20612	19370
20612	7297
20612	26377
20612	2892
20612	26425
17039	18959
16249	3873
16249	18488
16249	20968
4424	7501
4424	16569
4816	3623
4816	26253
3880	25272
3880	1366
20457	13649
5972	4498
11214	8439
3883	24957
22763	901
22763	22031
22763	3885
22763	13811
3885	5489
15092	6210
3888	1677
3888	2203
3890	23454
19287	13767
19287	14672
11343	7092
11343	4529
10959	3898
10959	26166
3898	19577
3898	20872
19577	19558
19577	26166
19577	20872
3900	15227
15227	22333
15227	19822
23275	23250
23250	14083
14083	3901
14607	13428
13903	3904
13903	7828
13903	1591
13903	22343
13903	25232
3904	6981
10262	1232
1232	3905
1232	6446
1232	22854
17551	3320
3906	15565
3906	20115
3906	16627
15565	20115
15565	18415
15565	21926
3907	9390
7810	3908
7810	18081
25380	3540
25644	3910
25644	14566
25644	22355
25644	22634
25644	15678
3910	14566
22339	3914
6858	10917
12902	3916
12902	794
3916	794
25646	19301
25646	18488
3917	2738
3917	19689
2738	15601
2738	16415
2738	18243
2738	7503
2738	16570
18749	16247
16247	16133
19319	5443
19319	4105
19319	404
19319	14446
19319	14126
19319	20595
5443	10072
5443	17142
11421	3920
11421	13213
3920	10307
12479	18343
12479	19282
18343	19282
18343	20722
21874	10181
21874	20468
21874	5898
10181	7003
10181	24099
10181	13275
10181	25627
10181	12349
10181	24217
10181	7999
3924	441
441	13565
441	3555
18601	18849
18601	22474
18849	7586
18849	12774
9542	13750
9542	11053
15836	11383
17786	3928
17786	9577
17786	25496
17786	26130
3929	20706
3929	11194
20706	11194
3930	19129
19400	6160
19400	15404
19400	15403
13136	17744
3931	11518
3931	25640
12593	3933
3933	17329
15941	3934
12564	9437
12564	9151
12564	24907
12564	14060
12564	19988
9437	14060
9437	19988
8919	3045
8919	4778
8919	32
8919	26400
8919	9331
8919	11596
8919	7123
8919	24004
8919	17931
8919	10192
25118	25448
25118	24508
25118	10295
25448	17231
25448	15473
25448	8344
25448	21899
25448	23889
18333	19964
19964	4345
3935	15398
16153	3940
3941	23889
23889	17210
23889	25698
23889	16556
3945	4898
3945	5741
4898	5741
5741	1555
5741	18682
3563	7451
3563	12050
561	8768
561	10716
3950	8749
3950	4113
8749	5054
13677	3953
3925	3954
3954	13662
20353	3955
10236	15956
17487	7487
17487	5546
15282	17116
23131	2754
23131	7763
23901	4197
23901	19795
4197	19795
3959	7155
7504	14778
14778	3960
14778	25347
14778	13438
14778	4400
25085	6324
25085	4418
25085	14566
25085	16941
3961	17558
15365	3963
15365	7804
15365	203
3963	20425
3963	203
14804	3964
14804	1051
3964	5718
12398	15407
12398	19351
4387	3968
4387	25245
3968	25245
25245	7659
25245	10928
10272	18399
10272	9383
10272	11647
10272	11458
10272	3171
2974	22520
5511	10905
2911	13775
2911	14728
13775	14121
13775	7803
13775	14015
13775	19473
13775	20598
18932	3971
18932	9986
3971	9986
3971	17301
3972	15725
3972	23797
15725	23797
15725	23339
14510	3974
14510	8775
3974	8775
21917	8770
21917	24367
11595	1463
3979	4658
6402	6421
3980	14696
3980	14183
3980	23327
14696	19389
14696	14183
14696	13435
19389	23327
19389	14179
3982	2055
5824	3985
5824	20306
5824	5100
3985	5100
3987	15271
3988	16495
16495	10063
3989	4305
8224	24284
24284	7696
13582	5825
13582	21684
14238	3992
14238	15382
3994	7691
3994	18289
4668	3995
3995	14893
25371	19500
3997	26703
26703	16040
26703	13904
6663	21395
4001	13762
21105	4002
4002	13008
14285	11100
14285	9496
11641	4006
7778	15800
7778	1870
7778	8391
15800	8391
15800	22852
4009	6090
4009	3527
14980	14428
14980	23406
14428	22912
14428	16580
14428	4012
21852	4014
4014	18844
17291	23517
17291	18616
17291	7139
17291	23030
23517	18616
4016	3864
3864	9434
3864	2714
10178	4017
4017	11048
13180	4018
13180	13186
5632	4022
4022	5957
4022	14760
15996	4023
15996	24073
5802	5681
5681	4024
19648	24063
4025	2257
4026	12267
12267	23594
9415	10061
8232	4028
8232	5848
8232	22711
8232	24939
12709	16582
16582	12755
19918	13264
19918	5792
19918	9283
19918	24882
19918	23697
12819	4030
3357	4031
3357	11722
3357	25071
21481	13504
21481	9466
13504	13459
9590	5757
9590	4132
9590	13454
4109	13483
4109	14128
4109	21076
21468	4041
21468	5307
21468	4288
4042	12711
12711	16818
23774	4044
4044	21597
4044	12646
4044	19488
12622	14819
14819	8620
14819	12646
4046	11152
18929	4047
18929	4297
4049	4727
4727	19029
4727	26539
16088	10835
10835	21748
6506	4056
4056	5095
7584	7763
7763	5845
7763	6070
7763	9964
7763	20385
7763	16986
7763	12072
7763	4057
12886	4058
11926	4058
4059	3408
1966	4060
4061	18542
18542	7384
18542	12539
4065	17603
17603	15179
6213	8314
6213	16965
8965	4066
8965	8877
8965	10659
8965	8947
8965	20098
8965	2530
8965	18284
8965	7092
19077	4067
4067	5402
4067	5306
4067	18323
4067	4386
4067	17126
4072	12567
4072	16076
4072	16068
12567	19320
15430	4073
15430	16910
4073	16910
16910	5090
16910	5029
16910	24480
16910	4931
19011	19545
14814	13813
14814	9048
13813	22675
18224	4076
18224	4077
4079	7677
4079	21535
4079	16933
4079	26225
4079	22749
7677	16933
7677	7608
7677	10839
7677	22749
16933	26225
16585	19564
16585	22311
16585	25314
16585	16294
16585	25320
16585	6980
16585	21955
19564	16294
694	7376
4083	5412
4083	5099
5412	16949
19304	2126
2126	13399
9397	4084
9397	17550
15545	23541
15545	16058
23541	16077
23541	17573
22179	2188
22179	24326
22179	19691
22179	11791
4087	25828
4087	21823
4089	9817
4089	14952
9817	21907
12740	20124
21130	24582
21130	20275
21130	19128
5434	4090
4090	2665
4093	9668
20013	21687
21392	4094
4094	13792
4096	13786
4096	12472
4096	5649
4096	20419
4096	16869
4096	17139
13786	20419
13786	10846
13786	13812
5555	18514
18514	4097
18514	6779
12133	22782
4100	19062
19062	17818
11598	26446
11598	16835
9785	11383
10842	4103
4104	6150
4119	8412
4119	550
4119	25513
8412	23805
9000	4106
9000	4819
10757	9382
10757	14330
16865	4107
16865	16860
12491	20136
12491	15943
12491	23648
12491	23055
20136	6685
20136	23648
14573	5627
14573	6502
14573	21462
4110	14132
23496	4111
23496	7651
18412	16159
18412	23642
18412	18624
16159	21072
16159	13316
4657	4115
4657	18739
21441	13585
21441	26519
21441	12071
21441	25073
21441	21738
21441	21573
21441	3193
21441	13810
8857	4116
8857	5962
8857	24686
4116	7107
11468	2325
11468	13543
11468	17286
2325	17286
13543	14309
6549	24559
6549	10733
12678	4121
12678	1922
11534	4124
12689	4125
23207	3850
23207	18834
23207	13807
3850	18834
16799	4126
16799	15733
313	17290
5882	10073
5882	4127
5882	1211
5882	9958
5882	9265
5882	15337
9792	4128
9792	6703
9792	21826
9792	12469
4128	17849
4339	12263
4339	14466
4339	4913
12263	14466
3345	20124
3345	11496
3345	17505
3345	19920
3345	16251
20124	19920
20124	7992
20124	341
18711	5777
16560	4131
16560	26697
13110	4134
4134	9600
4134	6314
21607	25837
4135	21502
21502	14935
21502	15144
21502	22040
2684	4136
2684	9523
2684	11257
4136	7261
22368	23612
22368	20893
11263	4138
4497	24448
4497	13965
19285	16040
16040	17187
16040	21584
13376	18156
13564	9252
13564	4145
9252	15859
4148	21453
4148	6341
4148	8864
4148	19587
966	4149
966	13516
966	19322
966	14178
5227	5193
3514	4151
3514	22225
14832	4152
14832	5304
14832	16045
14832	18741
4152	9807
17466	21127
17466	12922
17466	21584
21127	9807
1817	21048
21048	6790
4158	8212
8212	12820
8212	18236
8212	21872
8212	20640
7090	23663
4162	12775
4164	26575
4164	12576
13739	26353
20350	9240
9240	12310
4169	4179
4169	21551
4179	17660
4179	12578
20686	24916
4171	5598
4174	23031
4174	11227
11227	12159
9698	13624
9698	4175
13624	14206
23698	22509
22509	13625
22509	8589
22509	9543
22509	12457
22509	21954
22509	20399
22509	13555
22509	8834
13625	2094
4177	8595
19840	16885
19840	4180
1526	4181
1526	11341
4189	16553
4191	21355
25084	18555
25084	5547
25084	25513
25084	87
25084	7066
18555	6120
25703	23977
25703	23867
25703	17127
25703	24889
23977	24909
4194	17856
4196	12066
4196	5753
12066	6836
14084	4199
4942	4200
21961	4203
20494	2432
20494	4204
20494	4422
20494	11661
20494	25290
4204	8667
5085	12643
12643	20149
4206	3023
4206	9649
3023	18978
3023	12548
3023	20233
24980	4208
4210	20629
1484	9676
1484	14020
1484	1350
9676	4168
9676	16797
9676	18894
4594	21637
4594	14434
4594	5436
7776	17195
7776	4213
7776	9944
17195	5769
16280	14868
16280	13550
16280	4214
13899	13549
13899	4214
13899	2562
13549	4214
4214	14868
4214	2562
14868	13550
14868	2562
4216	2722
19434	4217
22603	10022
22603	6064
10022	10912
10022	9777
10022	4062
10022	19361
1563	4218
4219	9289
18928	23103
18928	6251
14835	8396
22052	15975
22052	24494
15975	8579
15975	22026
15975	22056
4780	14738
4780	4225
14738	4225
14037	4205
14037	21674
4230	8937
4230	19318
12032	6104
12032	9002
12032	12197
12032	12249
12032	23967
12032	24069
12032	17882
10540	18168
10540	7977
10540	12853
10540	18108
10540	25039
18168	6282
2962	4234
2962	24294
4234	24294
4237	20507
4237	20151
4238	22022
22022	16411
22022	10248
4239	19693
8551	4240
8551	14240
21172	3402
3402	15381
4241	23282
8666	21334
21334	14333
21334	21577
19925	4244
19925	20689
19925	8304
19925	413
19925	20456
4244	9706
9508	16847
15352	17189
21823	4247
4247	20281
1744	9788
9788	19350
4249	19017
4249	20716
10158	2488
5074	4250
5074	9513
5074	2862
5074	10694
5074	20741
4250	16522
4252	22852
4252	15587
22852	15293
4253	23577
4255	13114
13114	20930
13114	21676
13878	4256
4256	26719
4256	17426
8952	4809
8952	25186
8952	11707
8952	12829
8952	9028
2735	4841
2735	102
2735	21825
4260	11862
4260	3556
11862	24363
1723	11821
8133	22987
8133	11206
8133	11499
8133	8329
22987	11820
1659	9377
16876	20243
16876	7002
16876	13351
20151	4268
20151	25610
20151	615
20151	23104
20151	23760
20151	25411
20151	14723
4270	13909
13909	4271
4271	20020
13853	6418
13853	5969
13853	11727
6418	5969
6418	12986
21543	8395
21543	4272
4272	12301
10924	4273
4273	4701
4273	16443
4273	1074
14079	22983
14079	4275
22983	23167
22983	20726
1485	25640
1485	10549
1485	12076
1485	20055
1485	20636
4281	6381
4281	14093
6381	15706
14093	25677
24107	10381
24107	26472
24107	16613
24107	6364
24107	10263
24107	309
24107	24956
24107	25390
10381	24844
16561	26694
8855	4283
8529	16321
16321	1070
11873	4286
11873	9732
4286	9732
4287	16337
4289	7903
4877	19651
4290	22851
4290	8884
4290	14605
13849	4291
23707	22058
23707	20323
4294	16438
4294	24310
816	6183
816	3245
4296	23791
4296	21300
23791	12951
13967	23934
23934	19371
23934	23851
23934	21673
23934	17318
6786	4300
6786	22440
4300	17441
827	4302
827	6270
4304	22333
22333	11813
22333	11706
22333	23783
16842	18319
16842	17894
16842	19105
16445	4308
4309	23608
10629	4310
6449	16937
6449	22450
20191	4312
20191	18772
4314	24408
4315	21935
18109	7890
4317	4576
6071	3252
4318	8884
4318	8470
4318	19270
8557	4319
8557	15847
8557	15356
8557	22743
8557	26030
21379	4321
21379	12400
4322	5378
5378	21832
5378	320
13810	14645
13810	19309
13810	25077
14645	9748
14645	10390
14645	17845
14645	17835
14645	13695
4323	8104
8104	13628
3748	15348
15348	10309
15348	17042
15348	15732
11891	4325
10469	23272
18409	4328
4329	6074
6074	19135
6074	3990
22912	8989
8082	13402
10845	9384
10845	12091
9384	12091
9384	4331
10735	4332
4350	4333
4350	23849
4350	23065
4334	22663
2089	15897
15897	22882
15897	4208
4338	10214
4338	2484
18709	19343
4344	14223
14223	14701
14223	13730
14223	14574
14223	4336
4345	17987
4347	17160
17052	4349
17052	20357
17052	25727
17052	15921
13660	4880
4880	18742
4880	11775
4880	23065
4880	23849
4353	16097
16097	14329
16097	14889
16097	3022
4354	15551
4358	19059
11125	20166
1816	4360
1816	25892
1816	6542
17756	4361
17756	12914
17756	13945
4364	13106
4364	10535
13106	10535
10535	18609
10535	19786
4365	23540
8834	20399
4368	4370
4368	8366
4370	8366
4370	9372
4370	17478
4370	15005
4369	23850
4369	19341
8366	11836
8366	17170
9372	10855
4371	20414
6118	23003
20257	7568
20257	17440
4374	24285
4374	15406
4374	17762
4374	21700
24285	8284
1494	13434
1494	16033
1494	1642
1494	8499
3203	9080
3203	25841
10937	21009
10937	4401
10937	21547
22425	4378
22425	7026
22425	19486
22425	26072
5403	4379
5403	8135
4380	14102
14102	4644
14102	25863
23033	4381
10851	4382
4383	7659
25541	24988
24988	6893
24988	14780
4390	11482
4391	8302
4392	21792
21792	14539
8870	20716
20716	7972
20716	13170
20716	25082
20716	26649
20716	16404
20716	7214
17324	9144
17324	4396
17324	11038
17324	16427
9144	16427
9144	14318
4396	16427
14329	21482
14329	4888
14329	14900
8408	17639
2750	13379
2750	17382
13379	17382
284	14362
284	6349
4405	13437
4673	14259
18209	4408
18209	7929
4408	7929
4409	10524
4409	23096
10524	23096
10524	16476
4719	24141
4719	17910
4413	18676
18676	18641
4415	19066
19066	14572
19066	9096
19066	16556
19066	2392
7002	21394
24386	4416
13811	15716
13811	17354
15716	17354
5554	23400
23400	19721
25610	4420
11898	14539
25347	4422
25347	19896
25347	7579
25347	11351
25347	22330
25347	22275
25347	26161
25347	20027
25347	5008
25347	10923
25347	26412
4422	25290
7213	20954
20954	4618
20954	6007
20954	7214
20954	6362
20954	12496
20954	9184
20954	10747
20954	12144
20954	8913
20954	8596
20954	1977
20954	22304
20954	1989
20954	6461
20954	2071
20954	25130
20954	10164
20954	24146
20845	13653
13581	4425
13581	10231
13581	9773
18020	4426
18020	15277
17210	12750
4436	11988
11988	2131
15553	7881
15553	18196
15553	4440
15553	10555
15553	5218
18196	10555
18030	2318
18030	22075
3709	4443
4444	9131
4444	699
4444	20108
4444	13047
699	13047
4445	14364
14364	12490
14364	22607
14364	4224
4446	2304
2304	4450
5159	18073
17438	14029
17438	5395
17438	18445
14029	19225
14029	4792
4502	4448
4448	16719
19632	4449
13615	24612
13615	18213
2190	7403
2190	8013
2190	11768
2190	13018
4453	8013
8013	13018
481	13078
481	11737
4456	7858
5174	25771
6265	25034
17323	3602
17323	4975
3602	23137
4460	7892
18099	740
19628	4463
4465	16299
7625	14637
7625	13978
7625	14787
4469	16677
4469	19721
16677	5219
19721	13288
19721	13803
19721	17798
7956	4470
7956	11718
4470	11718
21522	4472
21522	7772
4475	12815
20501	4478
4478	22109
4479	3654
12852	4480
12852	16653
8034	4481
4482	9003
4482	16137
4482	2808
4482	14678
9003	14678
9003	16137
16137	14678
12790	1916
4484	12928
4484	19608
12928	11584
12928	19608
17663	7240
17663	8235
7240	25887
16322	12240
4487	16771
4490	16634
16634	823
3652	25028
3652	5228
3652	18203
25028	4494
25028	13075
19728	18155
18155	16736
18155	4496
16736	4496
13965	4142
13965	24957
18064	4499
18064	10513
4499	19673
19156	4501
12685	4505
4506	22194
4506	25056
22194	25056
13058	23442
13058	4507
5230	4508
5230	787
4513	25177
8066	4517
14383	22630
8308	4519
4521	25211
22967	13127
22967	10940
22967	15279
13127	10940
17719	2016
2016	4523
3818	4598
3818	7797
4598	16145
3542	23095
14597	6734
14597	24483
6734	20469
6734	4531
5458	25186
5458	6430
5458	26276
25186	2638
26381	22993
26381	14899
26381	16836
26381	139
22993	3149
15179	6431
15179	9450
15179	25255
5559	20747
17858	16266
17858	12061
16266	3771
16266	18461
3751	4535
3751	10416
22998	4536
22998	26148
4537	8616
8616	5058
15032	8711
15032	1317
15032	17231
15032	21255
15032	21937
15032	24923
18687	14146
18687	16437
18687	18638
19537	20474
19537	4013
19537	20028
19537	13567
19537	18240
19537	18416
20474	4543
20474	12166
4543	4195
4547	3462
22889	10860
22889	1868
22889	5339
16872	4551
16872	18739
4551	17175
262	4553
262	5107
6539	5696
6539	26665
4556	15174
4558	11833
4559	6456
4559	11803
4559	17367
4559	21040
4559	22883
2922	24314
24314	14010
24314	15662
4561	13458
4561	19127
13458	23041
19127	12626
23713	4564
23713	5031
4564	5031
4564	15929
4564	5563
10467	4565
4565	18610
6775	10235
6775	18610
10624	11726
10624	307
10624	22121
11726	23459
20296	8779
20296	15319
24397	16039
24397	4885
19815	17623
19815	4288
19815	21493
19815	25289
17623	4288
4288	21493
13416	4568
13416	4212
13416	24924
13416	10204
4212	10303
4212	9598
4212	26569
4569	23734
21222	4571
4571	4779
4929	4574
4574	8273
7387	4575
7387	13999
4575	3604
3604	13999
4577	1053
4577	13927
4578	1498
4702	26409
4702	15486
26409	15486
13643	4580
4584	5075
4584	8785
5075	16012
2606	14536
2606	6782
14536	8785
14536	16012
14536	9621
8785	5944
8785	16012
8785	9621
4588	24520
4588	9296
24520	15925
24520	20812
24520	14467
24520	24981
20812	7049
20812	24126
7049	7204
7049	19452
7049	7281
7049	26149
5828	5613
5828	2979
5828	4520
9882	4590
9882	2561
4590	5468
16108	25300
193	426
193	3236
193	24026
193	26543
5314	4596
5314	22436
4596	22391
4600	6796
26142	23806
26142	15851
26142	7120
26142	16464
26142	12057
23806	15851
23806	7517
23806	9483
23806	2556
23806	12525
23806	22100
23032	4604
23032	23374
15851	4982
26419	12575
15733	4610
25176	4612
25176	24566
25176	24992
4612	5853
26167	22265
23112	6013
23112	6127
6111	21728
4617	8873
4617	24901
8873	25458
8873	12164
8873	12187
10380	4623
22806	5423
5423	15639
11059	13757
11059	13235
4626	16991
12115	13398
12115	6325
12115	15777
12115	653
12115	22696
12115	25884
21623	4628
21623	9445
2935	8815
2935	23857
8815	23857
6407	8520
21280	13140
21280	4631
13140	19934
13140	11185
7066	4632
7066	8716
7066	8604
7066	7211
7066	26102
4870	24911
4870	16074
4870	16874
9489	1219
4634	12639
26294	4636
26294	18510
4636	18510
1099	16311
1099	18373
16271	4644
16271	18937
16271	15143
10102	9905
9905	17203
9905	19446
17203	19446
4647	21995
21995	10016
21995	5826
21995	6862
21995	16201
21995	13396
21995	14408
21995	16496
21995	17855
21995	1764
21995	25528
14908	9488
9488	19199
14331	4648
4648	17173
4649	2511
2511	12615
2511	24227
16663	4651
4651	17394
4652	6229
4652	15450
6229	15450
17002	4654
17002	13252
13252	18578
16874	4633
4633	25223
4633	16074
4661	6042
4661	16479
9503	6816
9503	4114
6816	14811
1999	23051
206	4663
206	26685
4663	8531
21498	13093
9606	4665
6812	23211
8188	293
8188	13732
8188	15296
8188	18513
8188	20484
293	17914
293	23064
293	23545
4676	10648
4676	9799
10648	22300
10648	25190
4678	9113
4678	18497
4678	10223
4678	8263
4678	17868
4678	3191
24973	21596
4681	10668
4681	10303
10303	26465
10303	24203
22808	11569
22808	4683
11569	9962
11569	22981
4684	26204
2331	22861
2331	6976
22861	10261
10383	12230
9889	14034
9889	13592
4692	8739
8739	15180
4693	2408
4685	9610
4685	9053
21519	15241
22944	26202
12050	5146
12050	4695
4696	8525
16176	13263
16176	25312
16176	4245
16176	8478
19239	4699
4700	12033
4700	8272
12033	8272
15509	14256
16443	1074
16636	14105
16636	5005
16636	16453
16636	4703
14105	5005
21195	18963
10468	10207
10468	7756
10468	9565
18170	4705
18170	6250
18170	18113
14467	24832
14467	24981
14467	280
14467	1172
13320	4707
13320	12329
4710	18994
8946	25894
21240	4713
21240	22833
21240	9385
12276	9050
12276	19538
9050	14435
9050	25429
12998	11090
12998	16691
12998	16690
12998	17524
4715	26570
4715	25070
4715	24909
26570	26594
4901	4717
4901	16506
4717	23740
6527	18852
6331	4728
6331	19540
6331	25980
4728	19540
4730	6347
4730	25679
4730	26342
4730	26510
25679	25269
25679	22416
25927	4731
26306	10315
26306	4732
10315	4732
9804	4735
9804	22069
9804	15272
9804	10479
9804	18854
9804	13839
9804	20732
4735	19033
1423	4736
1423	24360
1423	8410
1423	20554
4736	24360
11592	25396
25396	4737
25396	15040
17569	7960
20999	17947
16027	4740
25962	10118
25962	4741
23624	9594
23624	12200
7574	13208
24374	15306
24374	11961
15306	15482
15306	19881
9570	24339
16033	4745
16033	25303
12579	23229
12579	4750
12579	6864
23229	6864
23229	10151
4750	10151
15574	21242
15574	22595
21242	10461
21242	22595
2471	4751
2471	5184
17196	19093
17196	9017
19093	17030
4756	2449
4756	20411
2449	20411
2449	23644
2449	21942
21294	4760
16656	19680
17796	8458
12079	4765
12079	9275
12079	25853
13347	14533
13347	18369
13347	21053
4771	23548
23548	21968
22775	23349
9893	9733
9893	4773
3001	4773
4774	19745
19745	15834
6464	10025
6464	9879
4777	11918
17396	21881
13768	19791
13768	13589
13768	14839
13768	4781
25377	6159
25377	16230
25377	9073
6159	16230
10111	10106
10111	4784
26315	26189
17842	16368
17842	7306
17842	7564
17842	17892
17842	13511
17842	26195
23937	6286
23937	10603
23937	16637
4043	4787
4043	22767
4043	8394
4043	14291
4043	14660
22767	4982
22767	19970
22767	14291
13154	8264
4790	1087
1087	26247
7485	3608
7485	16187
3608	14533
3608	13577
14390	12163
14390	4794
4795	11627
4795	24247
4795	12376
4795	9078
11627	17746
4729	4797
4729	15323
4797	15323
4798	8723
8723	22706
4800	10992
10992	26633
16853	7582
4803	6762
4803	20184
20636	25640
20636	12339
25640	7695
25640	14218
8144	8058
8144	11809
8144	15428
1026	11162
11162	5895
11162	24270
11162	23202
12616	11669
22744	8531
22744	16934
4810	23509
23509	8574
23509	11907
8922	7314
8922	10671
8922	12588
10243	13699
10243	26253
10243	18792
16077	17573
12623	13460
12623	3236
13460	12631
4817	993
21075	13866
21075	8772
13928	8947
13928	4823
8947	12443
8947	16332
8947	15082
4981	4828
4981	14267
4830	17755
4830	24628
4830	21320
17755	24628
17755	20827
17755	20826
17755	17810
17755	20929
24628	10561
24628	20929
24628	21320
24628	20827
24628	20826
10561	2185
4831	10482
4832	16480
23769	19392
8692	9848
8692	3404
8692	20586
8692	9962
8692	15460
9848	17680
15542	22635
4837	97
22582	12601
22582	4840
4841	19441
4841	22055
4842	5560
5560	11944
4843	12658
12658	20652
12658	21132
12069	11326
12069	16125
11326	16125
8731	24695
8731	22943
24695	24019
24695	4847
16225	4848
16225	13418
8031	16784
1051	17612
1051	9504
1051	11219
1051	7293
1051	4677
17612	3825
17612	4849
16228	7474
4852	18238
4852	15257
1517	17597
10848	5568
10848	21069
4855	3304
4859	8788
4859	16147
8788	16147
14720	4669
14720	4860
14720	4861
22966	10796
4862	9391
4862	5650
4862	24495
9391	24495
14900	4865
14900	4888
5018	4866
5018	10241
21201	12524
12524	15068
7119	12744
12744	5584
12744	15676
12744	22112
12744	20815
16074	14242
16074	11195
16074	6069
4554	4872
4554	14940
4554	15411
4872	9728
18738	8820
9734	1056
9734	9124
9734	5686
9734	9347
9734	21888
18742	12620
18742	13499
18742	14326
16857	19699
16857	4884
16857	19128
16857	14917
16857	23329
23262	2379
23313	19162
23313	10370
23313	2495
23313	20226
23313	25732
23313	9130
5649	11851
5649	7107
5649	15364
5649	18228
5649	14578
11851	14930
4900	24128
14845	5688
14845	10224
14845	4902
5688	4902
4904	1997
4904	5575
1997	4996
1997	5575
1997	11469
6377	4906
6377	7295
4906	7295
7759	4908
7759	16869
4908	16869
4908	10054
15336	16869
15336	24124
15336	15864
16869	9931
16869	13865
16869	10054
5653	4909
20004	4911
13203	341
13203	17996
341	8418
341	21769
341	20126
341	21795
341	23759
4913	16944
4913	17285
4913	8273
16944	8273
5002	4914
5002	8546
5002	20536
5002	13434
4914	19855
17805	4915
17805	15237
17805	5132
4915	16214
4917	9934
2885	7829
7829	15811
13891	4922
8806	9223
8806	16835
8806	17665
9223	26542
9223	12203
9223	22439
11182	4930
23178	21622
19117	4932
1219	4933
20009	9728
9728	9769
13482	4935
13482	5702
13482	14852
13482	13481
13482	23732
4935	23732
4935	5702
4935	13470
12848	4936
4936	5759
4937	19891
4938	15729
23519	4940
23519	26663
4940	15359
4941	17575
17575	24368
937	14905
14905	16896
1194	4945
1194	5034
4945	16896
16896	24483
16896	18829
16896	10463
16896	16051
16896	16057
16896	17818
16896	11748
16896	25818
13500	10465
13500	8095
3663	18192
19934	11185
21258	4950
21258	640
16903	24017
16903	18787
16903	7581
16903	11012
21542	4953
4953	7013
4953	11910
4953	21451
7013	21451
4954	22794
4954	11823
4954	17597
4954	12451
22794	11823
19083	10078
8903	6754
4959	14129
14129	5152
14129	585
14129	18299
14129	18648
12103	4960
3288	4964
23630	5723
23630	4965
23630	11040
23630	7628
23630	26260
5723	8710
7801	6417
6417	26260
6417	4965
26260	16339
19427	4154
19427	5508
4967	1074
6936	12452
15598	4972
23556	3342
4974	10796
4974	13873
5081	13618
5081	18384
5081	5631
13618	18384
4978	359
359	22230
359	15144
5483	14173
4980	16015
16015	21720
523	18820
523	20491
523	25736
22758	25736
22758	18883
25736	18883
4982	23363
5638	4984
5638	6472
9514	4985
9514	9870
4985	6639
9870	20279
5872	5946
10213	18893
19227	22392
22764	9463
9463	18406
4992	4423
4992	23973
4423	21315
4423	20283
5575	16851
4998	18796
4998	3846
4998	6499
18796	3846
18796	6499
20208	10412
24410	8205
24410	8477
8205	8544
5630	5501
14265	5003
10289	23251
10289	26176
16193	22248
5004	5502
5004	17422
5004	20311
5004	14785
13870	14772
13870	24411
14772	5007
10223	855
10223	16016
10223	6995
10223	22568
25340	18519
25340	8012
25340	25318
18519	8012
21218	5012
21218	14961
20850	13542
20850	9060
20850	2552
20850	24729
20850	14347
20850	4156
20850	15708
20850	7982
20850	1464
5016	4775
5016	15515
5016	5651
5016	16051
4775	23350
22559	12792
16900	8838
21371	20820
20820	7068
20820	7203
20820	6460
20820	13679
20820	11457
20820	8177
20820	25442
20820	17830
20820	22671
20820	13622
13679	16897
13679	10780
17583	14363
17583	5021
14363	5021
14363	19935
8636	16986
5026	12660
5026	9159
5026	18684
5028	5009
5009	17580
5090	4931
5090	24480
4931	24480
5030	26216
5030	10679
5030	11984
5030	16492
11927	4970
5032	17585
16055	10204
20696	6007
20696	10594
12313	5039
12313	5324
1692	25109
1692	5043
1692	11811
25109	15308
5043	5086
17971	5045
17971	9366
5046	14822
5046	19380
18940	5645
5645	11042
5645	5047
5049	21020
5049	13246
5049	17486
13246	12377
13246	17486
7012	26505
5055	19316
19316	14227
19316	8615
1862	13230
14300	5056
16346	5059
10016	13396
13937	9507
5061	10739
10739	17086
24454	9937
24454	9976
9937	9976
5063	5941
5941	2706
5941	22378
5941	9743
5941	19887
5065	2036
5065	26584
9095	10300
9095	12980
10300	22750
10300	25481
14895	12668
14895	16083
14895	10245
14895	15262
14895	22013
14895	16351
14895	16056
21897	5067
5068	24311
5068	7321
24311	7321
16195	8751
16195	19088
5069	19823
5069	21913
9500	5070
9500	11387
9592	6032
6032	5336
8109	17897
9559	5072
9559	21269
9559	25216
12425	5073
12425	8239
5073	8239
9749	16945
16522	9474
16522	12383
9474	12383
16012	6782
11872	5076
11872	6093
11872	17275
5076	17275
5078	10451
10451	18628
5079	8466
17316	5080
5080	23353
5631	18384
5631	16966
10177	14761
17414	4265
17414	15793
4265	15793
4265	5082
21864	10152
10152	4095
5083	11267
19974	14218
19974	11351
14218	21231
14218	9855
14218	10072
14218	404
14218	15930
5086	11811
11811	19853
10912	24832
20194	5088
20194	2127
19973	5093
5093	19322
5097	9207
5097	5094
16087	5095
5095	15244
15244	6494
15244	22793
15244	18971
13862	21480
5102	1705
1705	17096
17096	8344
5104	8473
5104	23945
5108	26057
18226	22934
18226	17073
22934	17073
5110	1001
8482	12357
7277	5750
9327	24831
9327	25393
24831	17874
24831	7156
5113	1138
5115	8811
5115	23924
5115	22566
26516	8923
5119	18657
5119	5814
5119	19521
18657	19803
11028	5120
11028	10970
15424	19819
19819	5121
19819	5349
19819	8974
19819	7922
19819	14046
19819	20338
19819	22539
13685	11024
13685	22276
11024	22276
23001	5123
23001	6919
5123	6919
23918	5125
23918	15045
6910	25348
25348	5126
25348	11437
25348	16335
10978	5126
10978	16335
5126	16335
15237	5132
5133	9326
20634	16586
24933	1315
17676	5137
23464	5138
23464	23711
23464	8286
23464	14119
23464	14957
23464	23301
5138	13729
4175	20097
20097	13629
16333	22328
16333	13211
8926	6440
8926	9249
8926	25627
8926	13882
8926	17221
8926	24031
8926	23653
8926	8566
8926	19464
2395	19590
2395	4015
2395	18809
19590	13702
19590	17087
5141	9194
9194	10170
9194	15159
8953	5142
7444	5394
7444	10045
7444	15062
7444	14417
7444	14504
7444	25146
24638	25862
17327	18574
17327	14667
17327	18573
17327	21079
5146	4695
13464	5147
15178	12712
12712	6083
12712	14535
12712	1929
12712	12261
5155	7902
9097	13056
5156	19724
18073	7445
18073	23949
5161	18119
5161	19696
10553	7833
22149	7833
15636	12898
18246	21031
5166	8781
6498	16798
6498	8150
6498	9149
6498	25792
19522	5168
19522	5975
19522	24076
19522	26370
5170	25111
5196	5172
5196	18110
5172	22128
5172	8062
12875	25288
25288	5173
11749	10611
11749	5176
12656	5177
12656	8098
5177	21811
8098	11456
8098	22345
5178	12855
5181	18135
18135	15572
7880	18182
18182	5182
18182	22076
18182	8059
5182	7440
5183	11791
5183	10523
11791	15621
11791	7889
11791	6243
16681	5185
16681	18065
5185	18065
5186	11759
5186	23470
11759	23470
7347	7287
7347	16963
7347	16701
7347	22008
5187	12920
5187	8076
12920	8076
5188	5215
5188	7440
5188	8003
5215	7965
5215	8003
7965	7440
15961	21781
21781	5189
16638	13100
16638	4457
13100	15546
13100	16657
13100	4458
5195	24468
5198	12937
5198	7925
12937	7925
5199	16034
10009	5202
5202	3585
24657	22074
17681	5204
15578	24476
15578	726
15578	6306
24476	6306
24476	2206
5207	15566
5207	3725
25454	18356
25454	19686
25454	12987
22123	19686
22123	12987
19671	5209
12950	5211
7815	8003
7815	7440
8003	7440
813	5216
5229	13048
5231	7491
5231	19237
7491	19237
5234	22175
25529	5235
5235	16211
5237	5655
5239	13947
5240	24876
24876	5232
24876	24879
15673	18023
18023	23670
769	5241
25060	16686
5243	10800
5244	13027
5244	8576
5244	13077
13027	13077
8576	18200
8576	13077
8576	7305
18200	7305
7305	13077
7200	17263
7200	24450
5245	15274
5245	6899
15274	5715
15274	6899
15274	11363
15274	13185
15274	13322
15274	15308
15274	23735
15274	123
717	5246
6267	25944
18112	2256
18112	5249
18112	7822
18112	12963
2256	12963
819	18206
11747	16699
11747	23981
11747	5254
15567	1352
16380	23861
16380	10617
16380	12949
19281	21310
19281	25638
19281	16288
21310	16158
21310	3094
15599	5260
15599	22077
15599	12788
15599	15607
22077	6241
22077	15607
5262	12954
12954	768
11734	13024
11734	7981
13024	19636
1318	18090
1318	13039
18090	24723
18090	5251
9323	10930
9323	20938
9323	18347
10930	13787
10930	13395
10930	3152
10930	16825
10930	23662
21382	5273
21382	5520
5273	5520
5275	19911
5276	16951
16951	6831
16951	10679
16951	7333
16951	6064
16951	6072
16951	16509
10791	17666
5278	19425
5278	15210
23030	21275
23030	15978
23030	18616
14687	6748
5280	23494
17525	19190
7730	5283
15448	5284
15448	15080
5284	21459
5284	14514
5284	15080
10108	5285
10108	20035
4524	8398
4524	5288
8398	5288
15814	5289
11929	5290
11929	19275
11929	10244
5290	22656
5291	12467
21181	5293
21181	18760
11372	22535
11372	16296
11372	11486
22535	11299
22535	2337
22535	6913
18402	22893
22893	11490
17655	5297
17655	5024
5298	16969
5298	5301
17680	17458
17680	8671
17680	19544
17680	21520
17680	17651
17680	18436
17680	20169
9807	16045
9807	9511
16045	11915
16792	16191
16191	21298
16191	18914
16191	15456
16191	16879
16191	17716
16191	24442
5307	15452
2482	26184
2482	5308
5309	26390
26390	25931
18243	5310
18243	16570
15794	9058
15794	5306
15794	15001
15794	15799
15794	18408
15794	24609
1129	5312
22402	5313
22402	12876
22402	2625
22402	16912
9787	5313
5313	16024
5313	365
26085	12147
26085	7159
16835	1747
16835	11528
16835	21900
16835	24300
5316	11284
24270	13740
5319	14445
5319	7637
5319	7672
5319	3539
5319	13342
5319	23815
5319	5976
5319	16275
14445	17682
14445	7525
16288	25196
14025	20735
20735	26252
21620	23567
21620	23321
23567	10231
5326	16284
5326	7546
16284	7546
5329	22679
19754	5332
19754	10601
19754	15808
19754	8075
5332	11588
5333	10565
10565	13191
24418	6750
24418	13191
24418	19247
24418	3354
13198	13191
22395	19846
19846	23741
19846	1444
21849	5334
21849	20107
21849	17774
19250	19271
19250	14716
19250	23677
19250	8447
19250	23186
19250	14912
19250	26140
19457	5337
19457	24517
19457	7051
19457	9080
19457	24466
19457	20663
5337	9328
5337	22812
5337	12581
5338	25154
25154	24826
24826	4595
24826	15850
24826	20395
24826	25266
24826	17085
8716	9032
8716	12584
8716	26671
8716	24080
8716	25458
8716	20711
8716	19471
8716	25108
8716	24222
8716	1320
8716	7091
9760	17797
9760	23135
12169	25004
12169	5341
12169	26072
19486	20953
19486	26072
20953	17909
20953	24947
5341	7026
5342	25718
5342	7063
5342	25605
5342	21722
5342	23826
25718	11238
7063	24746
7063	25605
1320	24157
1320	24566
1320	8868
1320	10273
1320	24654
1320	20711
14088	20791
14088	22303
14088	22955
20791	21844
5345	25990
5345	20694
17643	18683
18006	23962
5348	8964
5348	23595
5348	10161
5348	17943
5348	11009
5348	11338
5348	26204
23595	5416
12198	18953
12198	634
12198	24912
18953	16605
18953	20733
18953	23421
5349	21233
26402	24580
24580	7198
12490	9047
12490	10923
12490	21178
12490	5999
12490	26479
21072	5352
5352	23642
10392	5353
10392	7087
11301	5355
11301	20989
11301	26391
11568	11304
25283	10378
25283	18673
514	6414
5365	12498
12498	13642
12498	17665
16005	14533
16005	5774
16005	10302
16005	5805
5368	12529
5369	8617
8617	8539
8617	7618
24511	5371
10304	5375
5375	22383
22383	21650
22028	5377
21063	15031
21063	19554
13227	12107
13227	26047
13227	22924
13227	25813
13227	20169
18051	5381
5384	20415
22243	11551
22243	5385
22243	11224
11551	17529
11224	5385
5386	1483
21643	9659
21643	5387
5388	3742
5389	6819
5389	26263
6819	18586
5390	2699
625	9643
625	10040
5391	8108
5392	25351
13361	15894
15894	13598
5396	19212
5396	13783
19212	13783
7713	26221
7713	16364
7713	7209
7713	23782
5400	13912
20174	10002
20174	14352
10002	11670
9962	12649
14253	17532
14253	13688
17532	12996
21857	1317
1317	12275
1317	16224
1317	19477
274	9725
274	11517
5410	14910
5410	16809
5415	215
10968	9687
10968	12371
10968	13770
5421	8865
5421	7764
8865	7764
5422	24846
5422	7129
24846	7129
5425	22044
5425	17703
22044	22008
17306	5427
5427	16952
5429	18586
7646	20549
7646	22196
7646	25648
17347	23710
16109	12597
16109	13742
12597	6784
12597	12945
12597	14676
12597	20182
12597	22823
12597	19394
5869	5440
5440	10280
10282	10280
10729	5442
10729	10301
14054	20949
14054	5444
14054	6626
20949	5444
5447	11254
5447	9229
5451	8743
5451	20374
5452	296
296	16123
296	1785
296	20674
296	8970
7667	21018
7667	14652
7667	12370
21018	12370
12370	5453
5457	22417
22417	26386
5460	16329
5460	6970
16329	6970
17712	15776
17712	5461
15776	5461
15776	10853
5461	10853
16576	10790
16576	3552
3258	5812
5463	19592
21889	5465
5468	7717
611	22749
22749	7608
22749	1548
22749	13415
22749	21507
22749	19234
3217	5471
5471	19347
5471	17456
19347	17456
5473	7994
5475	23599
23599	22776
23599	8332
5476	16982
13989	19500
13989	4748
482	4979
20916	20662
5489	7757
5489	9783
901	15280
901	3185
5490	12537
5490	10433
12537	25978
6906	13934
6906	4092
6906	14799
8627	5492
5492	11406
11406	11115
11406	9666
11406	11169
11406	12553
5493	14742
5961	14817
5495	19150
5495	4159
19150	4159
5496	14138
5496	14533
21231	9855
13802	18568
13802	7581
13802	10415
13802	6516
13802	15346
13802	24595
13802	8044
13802	17030
13802	23841
13802	21492
18568	8236
18568	17128
18568	10825
18568	21776
5497	15474
5497	17895
7725	2125
7725	8218
7725	18465
2125	16508
5500	6695
6695	18314
18314	22937
16039	4605
16039	15200
16039	21123
16039	5811
16039	22935
5505	10654
5505	9975
10654	15310
13131	12756
184	15380
15380	6733
19902	25540
19902	2092
14586	5513
14586	16114
5513	26272
5513	16114
26272	19308
11246	5515
11246	11537
11246	17399
5516	9208
21693	18408
21693	22168
24036	9880
5518	14527
19403	5522
19403	17304
19403	13969
5522	13969
24017	24566
24017	3454
24017	7276
24017	23111
24017	25088
24017	26595
5527	10908
5529	26141
5529	17040
5529	8367
26141	15698
26141	21364
26141	18511
17040	25722
5361	13868
21359	6747
21359	5530
5531	16172
5531	10550
5531	11690
16172	5535
16172	13313
16172	10887
1549	14001
1549	22612
1549	498
1549	7578
1549	1938
9598	5534
5534	13389
19812	8296
21311	5542
21311	17244
21311	11463
5542	22741
25242	5545
25242	21318
5546	8311
8311	15590
8311	24615
8311	24558
5548	24200
5550	14665
5551	6224
5551	18732
18527	24336
24336	8326
5557	7599
5557	9674
5557	13269
5557	21223
7599	18219
7599	26707
7599	9674
7599	8824
21806	11857
21806	23448
13806	10375
10375	6574
5562	12778
5562	18329
12778	18329
15929	13363
4411	5567
5569	22619
15695	3792
5573	16006
17156	5576
13143	5578
5578	2584
21315	25447
21315	3996
23044	12485
5582	2452
14270	16927
14270	5583
5584	22112
5585	23417
23417	20302
5590	20219
5590	12180
6813	5593
6813	14967
22953	5594
22953	11218
22953	408
5594	19515
22722	5595
8702	13541
8702	21646
8702	5603
8702	5949
8702	8254
5596	24281
5596	5949
24281	2886
21646	5949
14416	5600
5600	6569
21679	5904
12060	16470
5602	7626
5603	18339
5603	8254
5895	5604
5605	3829
14579	5606
14579	22480
5606	22480
5607	17273
5607	22221
5607	7712
5607	9302
3825	4849
15264	5609
24654	6131
6131	20750
6131	25172
6204	2118
6204	14841
7722	19390
18225	16498
18225	12648
13085	13054
13054	19717
13054	18143
22450	5616
22450	20641
22450	10090
22450	11291
22450	7062
22450	12427
22450	15273
22450	24510
22450	9317
22450	24117
22450	24145
22450	24568
20641	24145
5617	14690
5618	13116
21462	5627
21462	9509
21462	18629
21462	20888
5627	19876
5627	21717
5620	23357
2201	16728
16728	1231
20390	6039
17671	5626
5626	18798
5629	15138
15138	11606
15138	18567
5634	6827
6827	6575
6827	17380
6827	11396
6827	19445
5639	9899
5639	13867
13865	9929
13865	11397
13865	15689
25910	2601
25910	9687
2601	22372
9124	5686
5486	7131
5486	18289
5486	12461
5486	5025
5486	20839
5486	20525
5486	24264
5486	26470
5486	25558
5648	25248
25248	5025
21071	7452
21071	18401
4894	18228
11160	11413
11160	21698
11160	5656
11413	5656
11413	13834
11413	21698
5656	21698
21698	11502
18399	3171
5661	5635
5662	11478
5662	22031
5662	6214
23660	16511
17264	25976
7826	5000
7826	21656
24430	9832
24430	5664
9229	13288
9229	25162
5667	8261
5668	15093
5668	4591
5668	19385
5668	12172
15093	15445
15093	25988
4591	23377
5670	7340
7340	10582
15325	15476
15325	5673
15325	21535
15476	23487
23355	1667
23355	5674
23355	24241
5675	9852
10699	12077
10699	9438
10699	12728
5676	14791
14791	9438
7697	5678
16041	5679
16041	23499
5679	23499
5679	11901
15357	9399
14818	19426
14818	13825
14818	7748
19426	13825
13664	5685
5687	20578
4875	3413
4875	3415
21569	11662
19591	5693
5695	9743
5695	7916
5695	5937
7916	5937
7916	13271
7916	20333
17682	12085
17682	12683
12104	12526
5501	24720
5501	23119
5501	17382
5501	4402
5501	15659
5501	18629
5501	19953
9585	5699
4039	5700
5701	6085
6085	8216
6085	8821
23732	5300
9757	11846
9757	9744
20145	15552
15552	5706
15552	26164
15552	3867
15552	17491
5706	6881
5706	9744
5228	12915
5228	20439
5228	23077
20802	5114
20802	6909
20802	22204
20802	23238
5114	6920
5114	25667
15328	20626
15328	22655
5720	16233
16233	26185
17256	5725
17256	24773
22797	25256
22797	12238
25256	19043
18716	5728
5728	13432
20463	3174
20463	9831
7386	16516
7386	16081
7386	16928
7386	19353
16516	12560
5730	17171
5733	20205
18616	5739
18616	7139
18616	8558
7139	12546
1555	15209
1555	15518
1555	18682
15209	20190
25970	6434
5844	5751
5844	11331
5751	11331
5751	21432
5821	510
20940	5787
20940	26559
5754	13508
5754	19883
13600	5755
13600	23345
13600	4869
16098	5758
16098	4867
5011	15235
5011	11385
15235	11385
12118	5760
12118	19114
5760	19114
5760	18744
19114	3200
19114	18744
5762	12635
5762	13496
5762	8825
5762	19118
12635	19118
13475	5763
13475	8680
5765	3366
3366	10208
3366	22378
3366	14013
3366	24499
3366	21190
5766	5538
5538	21202
4213	9944
9944	5769
12295	13667
12295	9567
13568	5772
13568	6633
5776	23380
382	9814
382	24797
382	17608
382	20932
24720	5779
18919	3026
5781	869
11576	20344
12252	6640
12252	15863
12252	21591
12252	24481
6640	1525
5788	17628
5788	9466
17628	9466
6502	13938
5791	5111
5111	18443
5111	14158
5111	25260
23671	5792
23671	18378
23671	6184
13264	13216
13264	19431
5793	8846
8846	9797
14533	2663
14533	14644
14533	17475
5794	22002
5794	19991
22002	21962
16265	5796
2760	25672
1550	5797
11130	5799
5805	12335
5805	14314
16528	10436
16528	13602
16528	17137
24636	18922
24636	18571
4995	25413
4605	18629
19592	5812
5812	17425
3787	3414
19463	13434
13434	1642
5818	23502
5820	5843
6572	13916
23066	10489
23066	3762
23066	23489
10489	3256
5823	4231
13439	612
612	6176
14365	5830
5830	16021
7652	14257
5832	7779
7372	15926
7372	8740
15926	8740
21234	26151
21234	18925
21234	18926
26151	5838
5881	6565
5881	6818
5881	6084
5840	10831
23747	13743
23747	13215
23747	8813
23747	14208
13743	1103
13743	24789
5843	12619
18306	5845
18306	8475
18306	6809
18306	25483
18306	25126
20026	23274
14724	21663
14724	6373
14724	10681
14724	7045
16463	13169
16463	7470
1305	1382
1211	5847
1211	23796
1211	11070
1211	17329
17520	21582
17520	12006
21582	12006
14398	5851
14398	10677
5851	10677
10677	24253
20483	5852
1234	18585
18585	19900
4645	15806
692	5856
692	5544
692	16534
692	6898
26398	11631
26398	21409
26398	21252
26398	24071
15677	7321
7432	9479
9479	11550
12165	16130
12165	5282
12165	22415
12165	22423
12165	8242
10357	22520
5859	24280
10217	8168
8168	5860
8168	16117
8168	16116
5862	20324
15732	13217
15732	11374
15732	17517
15732	22212
5865	6861
6861	19492
5866	9658
5867	19152
5868	19207
20074	5871
5946	24392
5874	19154
19040	5876
1212	20380
9157	5878
24282	5880
5880	11962
18039	4417
18039	2378
4417	12304
4417	19193
4417	21402
4417	6654
5885	15308
15308	19836
15308	23907
15308	14400
15308	3533
15308	20811
15308	8773
19836	123
7460	5888
7460	21916
7460	22387
7460	24538
7460	17312
7460	20263
7460	26610
7460	26597
5889	24142
5889	18320
18320	6379
18320	26350
5890	11205
11205	7336
11205	24607
5893	3022
13326	1202
13326	14615
1202	22067
1202	14873
1202	13295
1202	2920
7141	24798
16010	15928
5903	21667
20440	4488
20440	16072
20440	6474
20440	10627
4488	9376
4488	21448
4923	20271
4923	23786
5908	14450
5908	17618
5908	7332
14450	10907
25363	9634
25363	21259
10907	5909
25310	5912
25310	10504
25500	19217
19217	21085
19217	5913
19217	24115
25833	19906
25833	5914
19906	15792
19906	5914
7227	22720
13539	5916
26256	17996
10859	5922
4208	22882
13883	3884
13883	6228
13433	5926
12760	5927
12760	3058
12760	15260
5927	337
337	15404
16093	4279
14823	22796
14823	12096
14823	5931
22796	5931
10981	5932
5932	13704
5933	8112
5934	2916
2916	18103
14777	5935
14777	23105
5935	5892
5892	23105
23105	26115
5936	8162
5936	16680
24375	16105
5939	6292
14457	5924
22378	2809
6503	5945
6503	22807
5945	20475
3899	1678
3899	11416
3899	20167
3899	24030
1678	15465
20493	5948
20493	11625
20493	17509
5950	21565
5951	10031
5951	6156
10031	15433
10031	15386
13488	5952
13488	4788
5952	10890
5952	11601
5953	581
14927	5954
14927	20382
5954	6740
5954	12784
5954	7469
5955	3847
7799	5956
21384	9762
21384	22246
21384	20491
21384	23558
21384	18436
21384	9019
21384	9603
21384	23770
9762	25527
14780	14666
14780	18995
14780	1420
26280	20941
26280	15202
20941	16213
15202	16213
15202	5960
9660	17365
9660	23843
17365	6880
17365	21154
5964	12212
5964	15296
15296	10008
15296	15802
15296	22390
11103	14354
14354	8530
14354	5965
5967	10862
24273	5968
5969	11727
12421	5973
12421	4973
24076	5975
10065	5977
10065	8621
10065	26722
5977	18262
13234	2371
2371	18833
5981	7670
5982	20878
9966	25487
9966	19307
9966	18781
9966	24416
25487	25217
5987	14731
6848	7781
14539	24765
24765	25076
5994	25079
5994	24163
20438	9236
9236	9108
9236	25942
9236	9465
9236	8872
6001	6415
6003	24841
6003	17980
23038	6004
23038	6688
6004	19324
6006	24855
19536	17955
19536	17980
8404	15532
15532	23575
17232	17929
6014	1738
6014	26471
1738	6689
1738	21793
1738	12652
1738	5325
6015	10883
10883	16768
7026	17883
7026	12358
7026	24947
17883	17909
19298	1426
17938	6017
9356	25158
9356	9018
9356	12460
9356	19183
25158	9294
25158	6020
25158	8979
6021	16198
6021	12503
6021	7129
6021	12146
16198	12146
12503	7129
6024	17665
17665	9215
17665	13941
17665	13642
17665	14429
17665	14561
17665	16050
24853	7052
24853	12286
24853	26032
24853	26367
10558	6026
6127	6027
6028	11895
6028	19541
6030	18851
6030	3786
689	13176
689	9005
689	9010
689	23931
689	21681
17846	14175
12085	6038
12085	4892
12085	16871
12085	19386
6038	12018
4050	12018
26677	9906
6041	13879
6041	23738
14459	6044
9558	13389
222	11834
6049	7384
7384	7932
7384	12539
6050	1261
1261	8935
16031	13820
10452	6052
10452	26546
6052	26546
6053	26204
6053	19105
6053	14474
6053	24682
6053	24125
26204	11002
26204	17123
26204	5854
26204	24013
25153	6054
25153	20563
9090	6055
9090	25215
6055	22638
5732	21760
21760	14829
21760	16498
21525	7724
21525	6060
8971	8807
23049	6065
23049	13917
23049	17472
23049	7348
23049	9903
23049	26657
6065	17472
6065	6070
6065	8628
17649	8628
17649	22461
17649	11486
18000	6068
6070	9964
9908	19612
19612	6077
6083	19659
25207	1860
22020	6087
18183	6089
18183	12817
6089	11407
10098	6091
10098	14409
10098	18235
10098	21964
6093	17275
18902	6095
18902	10691
12059	6099
12059	17315
9248	26379
9248	11620
4677	20719
4677	24832
4677	8701
4677	13334
6105	7071
7071	11348
7071	19349
7071	19204
7071	26724
26472	10129
10377	1825
2385	11450
2385	14236
2385	20519
6108	1160
1160	8902
25458	9085
25458	12201
25458	20700
20210	6113
4896	25011
22300	20861
22300	6945
22300	4466
22300	11497
22300	22553
22300	14916
22300	22350
22300	21879
7853	6116
8177	22843
8177	11638
8177	4215
8177	15119
8177	13657
8177	18750
8177	8519
22843	17614
22843	24918
22843	26523
22843	17863
18014	1260
1260	1457
5232	15292
14506	11653
14506	26412
14506	24999
14506	14151
11653	6124
11653	16616
20437	8719
20437	16616
1303	22842
6125	15248
6125	24931
20760	6126
6128	20492
12221	9983
6129	9275
6129	26328
9275	24878
9275	20235
9203	6133
9203	7158
6133	7158
6136	25526
6136	14310
23326	23576
23326	6138
23576	11545
23576	6138
22181	7527
22033	6139
4511	6140
6140	20337
2766	6141
6143	13117
6143	21999
13023	6147
16598	8180
16598	10137
16598	22051
15493	6152
15493	7742
6152	7318
5810	14326
5810	15411
5810	14987
5810	20303
5810	18267
5810	26218
5810	26194
26627	6161
17640	12559
17640	6165
17640	7493
6168	15245
18509	6169
6172	9608
6172	9709
9709	10221
9709	7446
20243	6173
20243	17437
6173	21211
6181	26275
6181	23758
26275	7020
11341	6596
3099	3326
23579	6187
10386	15269
10386	11701
10386	24429
6189	23603
6189	8688
21262	6193
21262	24424
6193	9359
19243	6196
19243	10056
10056	22703
10941	3768
6202	15173
21049	6203
6203	17919
6203	9846
6577	8779
6577	5180
6577	7614
1311	19412
1311	8848
1311	22080
19412	6263
19412	7702
8848	22080
20721	18270
20721	24945
20721	16828
18270	16708
18270	2905
18270	24945
6210	8701
8701	1937
21347	6212
21171	6675
7785	6215
7785	7261
9533	4000
6217	23144
6218	20217
6218	4035
7889	6243
7889	11801
7889	15621
17967	822
6296	752
6296	8026
12396	18483
12396	24690
18483	12858
2269	6227
11403	6228
6228	19863
6228	9212
6228	15330
6228	21632
6228	21842
6284	22156
22156	7422
12791	6231
12791	16379
6231	18052
7966	18052
7966	19792
26694	7319
18184	13005
18184	18111
18184	18092
13005	7907
13005	18092
18111	6234
18111	18092
18111	7907
21722	6237
21722	10686
21722	26211
21722	15021
21722	20513
21722	22015
21722	9628
9662	14984
9662	7330
9662	11889
9662	17516
9662	21016
14984	7330
14984	25509
6239	12793
6239	3734
3710	6240
6252	16787
6253	6260
6253	22165
6260	22165
24139	22201
26590	21628
26590	24203
26590	26465
26590	9075
26590	10314
6268	2473
16698	16688
16698	19598
12834	6271
24361	3147
6275	21689
6276	8596
6276	7933
6276	10545
8596	7554
8596	16078
3942	12261
12261	14535
14535	6277
24062	6278
6278	19610
6278	12903
6278	7545
26241	6283
26241	19660
6283	19660
6285	9810
6285	13949
6288	24118
24714	6289
24714	10560
24714	3452
6294	4703
6294	12880
6294	805
4703	12880
4703	1088
6295	23312
23312	4064
8026	25025
7834	10521
6302	13039
6302	5251
19763	24723
19763	13039
19763	3733
24723	15564
24723	1425
12909	6305
6305	6258
726	6306
19841	6308
11025	13218
13218	23172
13218	23156
13218	10319
13218	6310
13218	6933
13218	10318
13218	26045
8921	375
6312	3011
25967	6317
6318	21865
6318	11013
21865	25555
9816	6321
9816	20497
9816	13020
4147	1022
4147	25783
1022	210
1022	14688
6325	3297
15097	6327
15097	24952
26044	1313
7214	9064
15680	13587
6335	12332
6335	22844
25416	6337
25416	23995
25416	7017
17642	25076
25076	25443
25076	21180
25076	1848
17662	6338
17662	7225
6338	12090
6342	9264
6342	10972
6342	17251
6342	12500
16190	20471
12194	10373
12194	24337
12194	15987
23662	6343
23662	15641
330	9008
330	15058
9008	26074
9008	15058
9008	19851
1868	17862
1868	17914
17862	6754
17862	26283
17862	23951
17914	13656
17914	10966
17914	18665
6754	21977
1839	14625
1839	19009
1839	19474
1839	19468
1839	26403
1839	19485
1839	6132
8957	26338
6345	24585
21594	18376
18376	6597
18376	13310
18376	25551
18376	23792
6350	20583
6350	12447
20583	20737
23172	11376
23172	20331
24102	26520
26520	12447
21168	6352
21168	24706
6352	25285
15439	18011
15439	8525
18011	6367
18011	9314
18011	25179
18011	7191
6353	26569
25557	24113
25557	20705
24113	19105
24113	6372
12400	23051
12400	7471
12400	16577
12400	22089
12400	25080
12400	22354
12400	6896
12400	25212
12400	25213
17998	9362
17998	25841
6356	3765
3765	18654
6898	6357
6898	11522
6898	17869
6898	18063
6898	21296
6357	17869
6485	1838
6485	1656
6486	19044
6486	23907
19044	3118
6367	22193
2401	6370
26284	24138
24138	7185
19105	17894
19105	19467
19105	26407
6375	20834
20834	20866
6376	10449
10449	8969
13082	6378
9427	6383
9427	14292
9427	9212
6384	2821
6384	16206
6384	15427
2821	25652
2821	10882
2821	18446
13171	16206
16206	19385
22960	6386
22960	18906
14681	19543
14681	8200
6390	20172
21467	6391
21467	21038
15501	12041
15501	13722
24156	10837
22024	6739
22024	7532
6739	23206
6739	26049
6398	891
13165	11813
13165	18349
18432	6401
6401	24543
15676	12747
20815	6403
6404	11916
11916	11490
11916	25689
11490	22711
11490	7065
11490	11914
11490	25689
6405	9855
6405	21797
4579	6408
4579	4186
4579	407
6409	11983
11983	9034
21097	6900
21097	18362
21097	25593
6415	19882
19519	18427
19519	14721
19519	10007
19519	22240
12986	15289
6420	13128
6420	11755
13128	6422
13128	15285
9388	12720
16918	7598
16918	23591
7598	23591
23137	15908
23137	9922
23137	4582
23137	6747
6422	15285
6424	7160
7160	12351
14859	6425
14859	13691
14859	18921
6425	18921
6425	16186
16186	13691
10711	6426
10711	7411
6426	7411
6426	13088
8173	13116
8173	6427
4927	17463
14955	6429
14955	8828
6429	23497
13792	6433
13792	15782
6433	1284
17381	21971
17381	6435
17381	11269
17381	10042
21971	6435
11269	24327
26496	10331
25365	6440
6440	17271
6440	14743
1870	14710
10942	6443
25300	15479
25300	21743
6445	7360
6447	7583
6447	19834
26004	6448
26004	25533
26004	17117
26004	10656
6448	17117
11136	25533
11136	17117
25533	17117
6450	10493
10493	25923
25559	24196
25559	22409
25559	12473
25559	14259
25559	15025
25559	17510
25559	7127
25559	7047
24196	15447
9460	6453
9460	16323
9460	16491
9460	8879
9460	20086
4529	10411
25130	25682
25011	16069
6465	19916
19916	9221
14021	23487
6467	16263
6467	14349
6469	14239
20951	6473
16072	6474
16072	15761
6716	6475
7117	6479
6479	13686
6479	22977
23047	22900
23047	13829
6481	17492
17492	10777
10693	9478
4609	24609
4609	17850
6484	6555
18323	17523
18323	12121
6487	5873
10093	17114
6490	8451
6490	13494
6495	14810
8065	18683
23757	6884
23757	21850
13138	11677
13138	21345
13138	15511
18830	6501
18830	22691
6501	22691
8346	6505
8346	17097
6509	16713
6515	19014
9283	18286
2330	6519
6519	25733
6522	6805
7286	6806
19485	14625
22316	6525
6525	10397
6526	10297
10297	12048
10297	16293
8972	25554
8972	17961
8972	24660
25554	13418
25554	15703
25554	26489
26424	25922
15068	15331
15068	13766
9235	6951
6951	22529
22529	10128
10128	9012
26443	12179
12179	6533
26277	6535
6535	25581
26115	7056
21835	6538
21835	26304
9035	3510
9035	24762
26665	17966
1156	8860
1156	14606
26535	7279
26535	19460
26535	20670
7279	7024
1983	6541
1983	24746
1983	26102
6541	26433
6541	17975
9354	22272
8721	10163
8721	20609
6546	17224
17224	17867
12653	8183
12653	24073
8183	9278
8183	9768
8183	24498
8454	6547
8454	24578
10277	6454
10277	24748
9074	25423
9074	15094
25423	24984
25423	15094
12314	6553
12314	20328
6553	6082
6554	24913
24913	22837
24913	6537
20964	15522
20964	3489
15522	20643
26145	26502
26145	25515
26502	10825
26502	6559
26502	10544
26502	21703
4102	4572
23106	24693
24693	25169
24693	12434
24693	23302
24693	24985
6563	25491
18517	12062
12062	3043
12062	6557
24868	24954
6570	2104
6570	14727
2104	24280
6571	15162
10292	24801
10292	16796
6578	14272
6578	6623
18408	15795
15795	5414
5499	6579
5499	6512
18460	6581
6583	16646
16646	20818
20818	13444
6601	6584
6587	22382
20128	6589
20128	17176
6589	17176
7069	10360
7069	25824
10360	25824
10360	11447
10360	25399
25824	20367
13142	6590
13142	633
6591	1574
2377	6592
2377	9928
20780	6595
20780	23252
20780	6959
20780	11422
20780	26062
6595	26062
6595	11422
6597	18374
6597	25551
18374	21639
6599	20652
20652	7520
20652	8742
6600	4298
6603	14549
14549	8854
6609	7446
7446	6802
7446	5206
6612	8997
6612	17901
6612	11995
6612	12494
17901	3688
6617	17064
6617	21986
6617	21300
15875	6619
6619	10938
16697	6620
16697	21028
6620	21092
6621	22199
6621	7484
6625	17917
6626	11628
14890	6627
8525	26036
10281	6629
6629	14063
6629	22458
16146	19516
19516	21428
19858	6632
25049	8030
8030	10519
8030	26100
6637	20478
6637	22725
16503	8623
16503	13641
8623	13641
7839	14483
20279	8748
6641	11832
6641	3766
11832	3766
18754	21680
25830	21274
25830	6644
9198	11658
22298	25850
22298	22254
25850	22254
25850	6647
6652	20476
20476	24664
15771	6653
385	16554
385	89
26474	13868
24981	6656
24981	24915
24981	26069
24523	24224
24523	25271
24224	24896
25145	12028
24009	6659
6659	12158
25860	6661
25860	25183
6661	25183
16128	6664
16128	9158
16128	3951
16128	15983
16128	18763
6664	8390
8390	10220
9529	6665
9529	9195
361	25661
361	14030
3057	14542
6671	4311
6671	465
4311	21660
21660	8361
12054	17702
6673	24534
24534	12742
10678	17624
10678	15856
10678	7382
17624	6674
17624	26545
6674	15856
6674	7379
6676	17607
6676	2942
17607	2942
2942	6416
2903	16425
3022	6680
3022	11126
3022	11425
3022	5709
3022	18894
3022	20264
9185	6681
6684	1128
6685	23054
23054	17398
6687	21749
21749	1295
6690	13710
25527	3141
25527	6845
13710	9019
13710	26345
11348	18358
11348	26724
2851	6692
6693	17454
21471	6694
21471	21611
6700	12298
6700	10705
6700	9162
12298	9162
6702	7530
6702	874
6702	11390
6702	7761
6702	14753
7530	14753
25652	16435
1876	6704
1876	17895
6704	7146
12480	14011
15591	6706
6706	18867
6706	8653
6706	14145
6706	1582
18264	19638
19638	6707
20712	9073
9073	6110
9073	12162
9073	24728
9073	26337
6708	24243
6709	14630
6711	13287
9411	6713
6713	11480
6714	17157
20719	12388
24023	24205
24023	23322
5366	6719
5366	6063
5366	5450
5366	21694
10256	10370
10370	6720
6721	23479
6721	22965
23479	11509
6722	8879
8879	7368
67	6723
10110	6724
10110	4037
6725	4943
18150	6726
14862	17030
25632	6731
25632	13292
25632	25097
6731	7183
6731	8949
4531	17472
15218	6735
15218	10589
15218	9375
15218	13222
15218	10271
15218	15413
15218	20950
15218	22251
15218	25594
21990	14642
6738	26070
15601	9707
15601	1445
15601	23211
16491	6742
19787	6743
6745	18300
6747	8399
6747	23017
5530	16032
6752	26117
26117	2694
12275	6756
12275	11812
280	26197
280	24991
26147	25426
25426	24661
6758	25540
25540	15884
25540	24648
14697	23051
14697	1998
23051	14631
23051	17128
12065	6763
15530	7459
15530	18665
23923	3064
6768	3767
3767	10485
6769	17134
6774	642
13516	12423
4097	14340
6780	21380
6781	16315
16315	14357
4013	11957
4013	18889
6782	14794
25955	10694
6788	12042
6788	13424
12042	13424
11618	11810
11619	19226
13509	10415
13509	12476
13509	23373
15360	17843
17736	21508
17736	18540
14632	6791
10035	6793
6797	24250
6797	573
24250	24428
24250	17954
25237	8586
8586	6799
23339	6800
23339	23797
15927	26695
15927	22587
15927	18775
15927	20590
26695	6802
6802	9623
6803	14769
6805	24816
13427	20946
13427	13111
13427	2833
20946	5571
14526	3454
21946	8179
21946	13122
6811	2910
22484	6814
22484	25928
22484	6478
6814	10198
6814	17483
6814	6478
6814	23061
6815	18101
6815	24643
23781	6820
23781	10562
6822	19531
24307	6823
6823	18944
6824	16165
16165	564
182	17428
17380	15303
6828	17334
17334	5905
17334	16447
6830	22718
22718	8344
6832	17279
17279	431
17279	19240
8406	14936
14936	16939
4641	6838
12075	6840
12075	19045
6845	6545
6845	15729
6845	3918
6845	12486
6845	22841
6845	19159
6845	24861
6845	25949
7325	6846
7325	3603
15246	6847
10367	11444
11444	6986
11444	14045
11444	20158
22343	6879
22343	23026
22343	11374
26041	6963
26041	6851
26041	25326
6963	25326
6854	25844
6854	16292
10372	14412
14412	6855
6856	4582
6856	14098
6856	10286
4582	22446
23157	20873
20873	16324
18773	20475
6857	11121
6857	7914
6857	10951
6857	11144
11121	10986
6859	5714
5714	10921
5714	20810
5714	17090
5714	11168
5714	13220
6860	11428
22463	25775
22463	22297
22463	14099
25332	22297
25332	20322
25332	4812
6864	10151
18898	22890
18898	15217
18898	16589
18898	22271
22890	22271
22890	16589
6866	11405
6866	22340
11405	22460
22340	22697
10983	19561
10983	25769
19561	22307
19561	25321
20332	25788
10986	6870
6870	20748
6870	6940
20748	6940
6940	10844
25751	10279
25751	15151
25751	15420
6878	25653
25653	18895
6879	14988
6879	6983
14988	6983
6883	16701
6883	954
6883	21206
16701	11215
16701	23834
16701	16954
16701	20737
16701	22896
6885	23708
6887	11411
26219	6888
26219	23641
2181	14497
25083	15789
6894	23613
23613	8386
23613	23611
23613	15275
23613	18258
23613	15313
23613	5637
22233	18049
22233	15033
18049	15033
6896	11503
6897	26525
23410	9213
6902	12247
24906	10293
24906	24172
6904	12505
12505	1628
6909	5711
10921	7959
10921	17355
10921	20169
6911	14065
468	14085
14085	14089
14085	7537
14085	22270
23150	20855
20855	6912
20855	11477
22534	22448
22534	11107
22534	22302
22534	26046
6979	6914
6979	22546
6914	7237
22324	6916
22324	20858
6916	20858
19568	10311
19568	22859
11117	26038
10841	6918
6919	21789
6922	19563
6925	22309
14061	15756
14061	6928
14061	21959
15756	21959
22305	6929
22305	10909
22305	13779
22305	23139
6929	13779
10909	10153
7939	20887
7939	6930
7939	11375
7939	14990
20887	25317
6930	22041
6930	23260
11375	6965
11375	21957
11375	15133
22327	6932
22327	14078
22327	23078
6932	11102
6932	7896
6932	10953
6932	10969
22464	10969
22342	13259
6935	25335
6935	26505
19558	20872
6941	18558
6941	21431
21395	21431
21395	8863
21395	14413
6938	15517
6938	6943
6947	11369
11369	19149
18019	8285
18019	19012
6948	11118
11118	16180
22328	22444
19433	6949
9182	6952
9182	3902
6953	22303
26043	14075
26043	6956
22206	6960
6961	10955
10955	11626
6965	6980
6966	6954
19571	18648
20475	2630
20475	13637
20475	18366
20475	21640
6969	15155
8064	17242
8064	6971
8064	25803
6972	10087
6972	26561
10087	7732
22301	23076
22301	6974
23076	6974
11415	10311
11415	20169
11415	10988
11415	2333
6976	10261
6977	23169
6977	23183
23183	7823
23183	14876
23183	20248
7823	22375
22209	26642
22209	15220
15220	6978
15220	17898
2995	18054
2995	20396
22255	7148
22255	5128
22255	20774
7148	23088
7148	25767
7148	13269
6984	26175
6985	22136
22136	18106
26038	14941
26038	22930
26038	1222
26038	10994
6993	15164
15164	24424
17299	6996
6996	10787
22418	24936
24936	6997
15908	26711
17775	6999
17775	25841
6999	20592
15396	7006
15396	20139
18634	18339
11351	4293
11351	16124
7008	4666
7008	10057
7014	902
7014	23368
902	23368
25879	7015
25879	25460
7015	25460
7016	7102
7016	10730
7102	10730
7017	20328
20328	14476
20328	24607
26594	7019
26594	26593
7019	24209
7019	26593
7019	26608
2078	24893
2078	24209
24893	298
16290	12016
7023	24422
24422	9866
24422	6988
24422	20253
24422	20024
24422	24434
7025	26430
7025	154
7027	17979
7027	8349
17979	6871
17979	7341
6871	24847
6871	10582
6871	10723
6871	10722
7028	26545
7028	26090
26545	26090
26545	24014
24737	15125
24737	24500
24737	12442
24500	15729
7030	7541
2051	6895
2051	23058
6895	5164
26532	7035
7035	9045
25615	7037
7038	10584
9719	7039
7041	12269
7043	26083
22990	7044
7044	9935
9058	285
19896	25346
19896	7579
7579	10923
7579	22275
7579	25543
15040	16007
26363	12494
12189	8912
12189	22409
8912	7047
7050	20720
20720	26332
20720	24452
4489	15635
15635	10510
7052	17972
17972	687
26273	24754
26273	25229
26273	25621
26273	9072
24754	25621
26641	25511
26641	17896
26641	22863
26641	23811
26641	375
7058	10051
10051	12074
7140	474
7061	22290
22290	15478
22290	20832
10373	24961
10373	6530
10373	25287
10373	26551
26247	14986
26247	6320
26247	9687
26247	7917
26247	19495
7065	14479
7065	15050
14442	7067
14442	7116
2866	3037
21300	19196
21300	25099
21300	21911
19196	12470
19196	21367
19196	24813
20737	7077
20737	24136
20737	14481
20737	26348
7077	24173
24551	7078
24551	23128
24551	26463
7078	23128
17966	15117
17966	20919
17966	17697
15117	10358
15117	24622
7082	17927
394	7083
394	9224
394	18474
7083	20736
20736	16254
16254	19924
20572	10278
20572	1175
10278	22413
1175	26580
8978	19443
8978	24567
19443	25280
12363	9964
9964	15132
9964	2528
9964	14303
9964	14366
9964	26338
9964	12072
23663	11345
7092	20508
14940	13139
7093	12227
17989	7095
7095	24167
7095	7389
7272	10401
10401	9238
10401	8882
23370	12508
9053	8883
9053	20987
9053	15091
8883	25591
8152	25799
8152	7100
25799	20602
25799	20456
7101	1464
7101	11294
7101	18447
7103	11148
11148	2737
24830	12215
24830	7105
12215	25581
2737	7106
7109	16619
24483	11247
8814	24833
24647	7113
4733	8324
8324	7114
7115	22714
19010	13123
1810	7123
8369	19530
8369	14858
7126	11292
11292	25307
25307	18854
6320	8774
6320	15230
7129	24924
15528	7133
15528	11464
7133	11464
7133	24069
7133	10399
24069	12721
24069	10744
24069	10399
12721	24318
12721	24212
12721	10746
12721	10399
16683	7135
6037	7138
7138	10718
7138	12407
7138	7036
7138	24832
5526	8584
5526	16048
5526	4277
5526	18810
5526	19242
8584	19242
8584	8752
24798	19246
7142	5591
7142	16397
5591	16397
7143	12412
9364	22406
9364	6368
9364	15088
9364	7147
22406	24108
22406	6368
20564	6368
20564	24728
20564	24849
6368	24108
6368	25001
6368	25203
14059	23257
23257	11477
1149	7150
7153	10542
7153	24151
10542	8282
10542	17006
1449	8282
7930	18298
18298	18466
21013	7600
7600	26139
7156	25393
12351	24995
7162	1829
25274	7167
25274	23234
25452	21814
25452	7168
25452	8856
25452	25889
21814	20651
7170	1383
7171	1830
10379	13970
9772	19147
9278	19263
13012	7267
26407	6655
19404	8477
8477	1768
6180	20523
20523	18794
3176	7182
7182	1808
7186	3509
3509	24222
7188	10187
1321	7191
1321	7283
7191	22941
7191	16020
7191	25484
11846	22168
7192	21011
7192	24622
22822	1141
22822	146
15605	12829
12829	18420
7193	13425
13425	19604
13425	25542
7195	24985
24985	25507
24985	16822
24985	14924
24985	10643
24985	21003
15267	7197
15267	25221
24792	7198
7199	18379
15201	12910
15201	17471
12910	15140
12910	7201
12910	17471
15729	17698
15729	2638
7205	9292
7205	25155
9292	26064
6488	25155
25155	12372
25155	21170
25155	26603
25155	20547
25155	26467
25155	26622
7207	26146
7207	20429
7207	12549
6348	22256
6348	25298
22256	391
17906	17886
17906	9331
17906	15347
15700	12583
10092	7215
10092	8976
7215	16833
3585	2757
3585	10264
3585	14449
3585	15412
3585	25382
3585	10751
3585	19959
3585	16251
3585	24692
26265	19455
26265	8634
26265	19456
17442	7219
17442	24834
7220	10998
7223	11661
7225	12220
7225	6765
7225	25687
9675	24037
24037	26028
7794	1818
22720	14741
22720	13913
7229	25230
7231	21061
7234	19143
7235	16127
7235	10529
7236	14210
7236	22561
7238	13969
19256	5130
21661	7239
21661	3837
21661	21658
21661	1955
3877	21313
7245	15082
19480	17240
19480	7247
17240	7247
17240	24180
7736	16533
16533	11278
7249	16248
7249	22875
9530	22875
10265	7251
10265	9001
10265	26282
7252	19594
7252	26654
19594	26654
7254	26536
3192	2075
3192	7257
7258	20352
7258	25253
20352	25516
20352	25740
20835	12153
20835	20764
12153	20764
18063	11522
11522	21296
11522	17869
20300	7260
20300	13852
25985	24785
25985	24709
25985	6560
24785	15736
24785	17222
24785	7091
24785	25948
24785	26517
24785	10266
22031	149
25356	21363
25925	7268
25925	24508
11587	20801
20801	15069
20801	20800
7269	1399
1399	20800
4118	7270
7270	21765
11661	10738
11661	24048
11661	24136
12442	25709
12442	8986
12442	10404
12442	12199
12442	16963
25709	12199
19515	1356
19515	408
1356	16606
7274	13265
13265	24378
3111	5359
12496	10747
23189	19845
19845	16365
19845	3912
19845	25628
19845	12958
7280	24884
24934	7281
24934	19567
24934	24756
24934	18005
7281	24756
19567	9313
2079	22431
22431	6712
22431	24364
24689	12743
24689	9279
24689	15990
20989	8120
19072	8050
16963	22008
18145	7290
7290	10952
24674	16563
16563	7292
18864	3601
18864	21807
18864	20891
18864	2556
18864	14199
21115	25712
25712	25362
3334	24809
3334	9079
24809	24871
7296	26022
15871	7298
7299	7949
15934	11975
9599	16535
7307	2643
25110	25127
25110	15189
5999	7315
22789	7317
22789	22602
7317	18520
18590	18520
7318	7742
17721	25602
17721	14942
17721	1426
818	23382
818	21035
818	7324
7324	23382
14493	8043
8043	15353
8043	7326
10679	11984
7335	15508
8743	16469
19559	11430
19559	22891
11430	22891
2406	8598
2406	19837
11678	7343
11678	436
9136	7344
11082	577
9903	7348
9903	9467
7348	9467
9763	7350
9763	11964
7353	9825
10727	7354
10727	21869
15445	19385
7356	5713
26095	26099
8759	22118
2054	13532
7363	15691
7365	11172
11172	1420
7367	10393
22093	11426
11426	9655
11426	7370
14951	9655
14951	7370
14951	21225
9655	18620
18787	21757
21878	7373
21878	3496
24429	20363
24429	11701
20363	7376
20363	11701
20363	6195
7376	26325
7376	21829
26325	21829
21688	1085
9212	19863
9212	17450
7388	85
85	5057
85	17372
85	18719
23717	7390
23717	12538
23717	9082
23717	16188
23717	4635
23717	20252
23717	11893
15628	7393
7394	16669
2306	7395
7395	7396
13062	10596
13062	24462
5258	7402
7412	12822
12822	8080
19087	7404
19087	16821
19087	20503
7404	7405
19609	19734
19609	7904
19734	7904
7411	13088
18126	7414
7975	7415
7415	22141
7415	19743
11781	7417
7417	16388
7419	7429
22099	11797
22099	7423
11797	7423
9044	7426
22090	7427
22090	26238
7433	16780
7433	23424
7433	23953
7433	7650
19736	18062
19736	8950
19736	16390
1562	7435
7435	7870
7435	19713
7870	19713
12991	25050
12991	22137
4340	7437
13622	13017
13068	12871
13068	15661
12871	7443
7449	19968
7450	8247
8247	13723
8247	19067
8247	16103
7455	3811
7455	12782
3811	3810
6558	7456
7456	23425
7456	18885
23425	9616
20207	7458
10692	12574
12574	4184
2302	18130
18130	24473
9727	7462
9727	11217
9727	17916
3911	19222
16342	15298
16342	19222
16342	21508
22942	7464
13627	7468
21557	7472
21557	1953
16478	17527
16478	23588
17527	14682
17527	24858
7473	11882
7479	15429
2284	18085
2284	18078
2284	25122
22791	19856
22791	13311
19856	13311
12787	8461
20771	6867
6867	15675
6867	17799
7490	24820
14909	7494
14909	16357
7876	7496
23804	8429
23804	7498
23804	14562
8429	7498
7499	20798
7499	10112
7499	15878
20798	10112
14482	25090
7503	21043
7503	7595
21043	3921
4494	13075
13075	25047
21708	7505
21708	21612
7506	4363
7506	25819
4363	8171
4363	23390
8171	25819
8171	23391
25089	7507
25089	16276
7507	16276
7508	9420
12562	24920
24920	7510
7511	12674
7511	20659
12674	8095
12674	26700
12586	7512
12586	10670
5846	24608
5846	26389
15657	23639
15657	16150
23639	12093
7516	21147
8480	18917
8480	11150
1426	11812
1426	14942
12071	19260
18826	7521
15475	7522
15475	1048
15475	16409
15475	14214
15475	18355
7522	18355
7522	14576
7523	21930
21930	15798
13309	5806
15879	7524
18829	16507
21404	2896
2896	21818
2896	9770
2896	6328
2896	14553
2896	23634
25870	24661
25870	1458
25870	25956
7533	21205
7533	4461
21205	15284
7805	7534
7536	6682
23604	5863
24667	7542
9986	7543
13135	7545
13135	10116
7545	417
7545	14662
7545	21398
10231	23321
7548	16855
7548	13486
7551	23813
7551	10189
17393	17288
17288	9806
17288	6387
25827	7336
7336	15940
7336	9304
7336	20466
7336	23991
7336	22235
7556	217
7556	7555
1611	26543
4882	7557
4882	10052
4882	12638
4882	10000
22725	1735
22725	19363
22725	10201
22725	25921
22725	19340
1735	10201
1735	13871
10651	13858
8475	20435
14721	7562
14721	10007
14721	22923
11204	7567
9984	8284
8284	19052
11466	4313
11466	13675
7569	12273
12273	8443
12273	23292
12273	10662
7570	23317
12210	7571
26153	4404
26153	16549
11354	7575
11354	3502
7577	23564
23564	24529
23564	23767
10923	2339
10923	10290
10923	11169
10923	13744
10923	202
10923	25337
10923	24557
19834	15654
19834	11663
21293	7585
7585	19882
22246	20943
7588	9862
7588	20452
7590	11600
10145	10134
7592	20297
20297	18868
20297	18625
7594	26699
7594	4108
26699	4108
16415	12410
13608	7596
16425	7597
7597	9148
7597	10846
7597	14825
19802	7351
868	11623
7603	7604
22446	6082
22446	11280
10824	12948
10824	7610
12948	7610
24712	11203
24712	25278
25278	7612
25278	13719
5037	7613
1538	7617
7618	17093
17093	14972
23353	7622
23353	358
7622	358
8360	9379
8360	6322
9379	7623
7110	7627
7110	24412
2506	23925
9076	7628
11040	8228
11040	14002
7134	17098
12773	3582
12773	10760
3582	7631
7632	1009
7632	23352
19635	7635
957	2958
2958	18257
7636	18257
7638	8248
5748	8989
7644	9410
14071	15408
17884	24128
24128	7645
24128	10358
22196	1444
10241	11462
16251	20624
22743	15953
20401	7653
20729	7654
20729	8710
20729	25745
20729	16240
22792	20144
22792	16481
22792	19864
20144	19864
16481	19864
5931	14023
5931	14086
5931	20046
7670	7655
7670	11467
19593	17206
12184	21228
7664	20500
7664	13377
7664	15728
20500	15728
13377	15728
5523	21308
21308	7553
7666	7553
7672	21376
7672	21701
10438	7674
10768	17339
10768	23021
17339	7679
7680	7716
12895	20319
11383	927
11383	5552
11383	13538
11383	20645
7689	20389
20389	13784
20389	18982
20389	21996
20389	23636
18665	7690
23287	20986
3973	7692
7692	25232
11813	15221
7695	17050
7698	15783
7698	4921
7698	10932
7698	18910
15783	13727
7699	18397
18397	9965
20408	7700
20408	2047
25783	7795
7702	6263
6263	17811
15477	21537
15477	14485
15477	17321
15477	7704
13292	7705
13292	22263
7705	11814
7705	22642
21891	21500
21891	15696
20461	7710
20461	25744
20461	25743
20461	19839
24566	25981
24566	24680
24566	24948
19878	21276
21276	18717
8218	5498
22064	4794
4794	13894
24190	26512
24190	24089
24291	7729
7729	22717
11818	21907
11818	17501
21907	13359
21907	8959
12087	4533
12087	18646
7731	22546
7731	20962
22546	14056
22546	11101
20962	14056
14883	14062
14883	7733
14883	22266
14062	22266
6863	22526
6863	15754
6863	22322
22526	11433
22526	13228
22526	15214
22526	16297
23398	13170
13170	7735
11278	26268
11278	22860
7737	9574
7737	19208
7737	15283
9574	9331
19208	15283
14476	9331
14476	15283
14476	24213
9331	15109
9331	6082
9331	17185
12057	1903
12057	7740
12057	16464
12057	16504
16464	23959
19194	13717
686	17689
17689	8560
7749	2185
7751	9824
9824	14042
7753	23765
22613	7754
7754	22467
7760	17336
7762	18767
7767	10686
25909	3686
25909	18924
3686	26651
9652	7770
9652	11275
7770	15129
7770	16873
7770	11275
11275	15128
11275	15833
19314	7124
19314	24512
7775	21945
21945	13635
13635	7774
13635	10797
13635	5306
22834	17817
22834	7777
17817	7777
7781	16049
7781	16487
16700	7782
7782	12123
9523	17592
3761	7787
21081	7789
7790	17854
17854	2711
7904	5727
5727	10706
1818	17864
5778	7797
5778	12341
5778	19966
7798	23004
7798	22384
7798	10717
19158	12422
19158	9596
21492	7806
23974	14169
7807	7221
7807	5984
7221	5984
5984	19095
7811	3544
7813	11124
11124	14106
11124	11494
7887	7819
5173	2305
5173	7952
5071	7821
5071	25461
7825	22042
7825	25334
22042	25334
25334	13324
7879	7831
7833	19749
7838	9687
7835	7840
7841	12988
7841	19677
7844	12970
13182	7848
16374	7849
803	7850
25035	7997
7857	22113
22113	7911
22113	6223
22550	7859
22550	10309
7861	10950
11762	7863
11861	18751
11861	7864
18751	7864
7408	7865
7867	13091
9646	16486
11763	22190
11763	13015
11763	5200
22190	13015
18771	18821
15751	25339
12798	7875
12798	11757
7875	7957
10555	25058
8974	25027
8974	15029
8974	7886
25027	15547
17684	6078
17684	7888
10977	7891
10977	21706
8155	15207
15207	24306
18191	22108
18191	7894
18191	19772
22108	18137
22108	19772
18137	19772
6982	6385
6982	11439
6982	10920
8067	25033
12840	7900
12840	19652
12840	25006
6291	7908
7912	11746
7912	23887
25343	16336
25343	6962
25343	23163
16336	6962
15297	7915
7915	9376
9376	10576
7922	20789
7923	13025
7923	17848
7923	10728
7923	12587
7923	20824
7923	23888
7924	16326
15151	11414
26139	24032
19599	7935
17495	2258
2258	12904
7937	7968
7941	11758
11758	7943
11758	7942
13026	8042
13026	16758
13026	11760
8042	11760
10537	7947
7948	8073
7948	12968
8048	16649
8083	7958
7958	22557
15429	5306
15429	16431
15429	14168
15429	22584
15429	22963
761	7961
7963	2186
2186	25750
18052	11736
7967	493
7969	12934
19585	16404
19585	10460
19585	2074
16404	7972
7972	9663
10520	7974
7988	7979
7988	2383
5264	7981
17838	7983
7983	26165
21812	7985
21812	3568
3559	21576
7989	2182
7989	11752
7989	12992
2182	18083
24390	7993
25189	17728
22169	7998
22169	19704
21919	26720
26720	4746
26720	15496
26720	6399
8059	18175
8059	10579
16943	8005
16943	716
19211	5150
8006	18074
16789	19637
11768	13018
18056	8015
8019	25055
9487	8025
24475	11737
13078	11737
6280	8028
1450	8029
12747	15426
719	1444
1444	9213
1444	11527
12667	8033
26231	2234
2326	8039
2326	24692
12554	16737
16737	25376
16737	12067
8040	20063
20063	17384
20063	19111
11760	7945
11760	16758
134	23971
134	25054
14097	13036
14097	15563
13036	20178
13036	17697
13036	8047
8052	18136
8052	13013
8057	18176
6971	25803
18683	12291
8068	10595
19718	8070
19718	16723
19718	9681
25062	8071
20915	8072
20915	16690
8072	16690
16690	18065
16690	16694
17852	8074
22078	19715
22078	16641
22078	12969
10601	15808
9343	16551
9343	12733
13402	4782
20019	13368
20019	8084
20019	3270
8085	11731
8086	13099
25018	25041
25018	3061
812	12828
812	13072
8091	7836
804	7836
19764	13619
19764	12835
8092	16734
8092	299
16734	3157
24324	23290
24324	6605
8096	15065
23072	7558
23072	14136
14453	21779
21779	8100
5525	4377
8105	12762
8105	12462
8105	9872
12462	23525
21414	20301
21414	4068
21414	18659
21414	15234
21414	20283
2825	14193
1083	18552
18552	15869
18552	13830
18552	14921
8107	21326
21326	23534
19903	8113
10464	14508
10464	21758
21758	8115
1487	11838
24197	14743
12477	23984
8121	9525
26689	8122
26689	12647
26689	6171
8122	16986
8122	15893
16986	14299
16986	17601
16986	16981
16986	22648
16986	23486
17877	17617
17877	638
17617	8123
15403	8130
15403	16407
18084	14623
11206	18607
11206	11499
4510	16474
4510	15391
8136	18231
8136	9871
21161	8139
21161	22200
21161	12064
8139	22200
17634	26687
8143	21685
21685	25642
6059	12393
6059	5419
8148	24890
8149	21723
16759	5221
1467	8153
1467	25400
8153	25400
8154	9324
8154	11673
8154	20453
9324	23960
9324	20453
17326	15344
17326	2642
17326	5306
12139	11003
12139	9081
10376	3495
18782	8165
18782	20271
8165	21549
21549	11692
21549	8764
21549	21304
11692	3492
8764	21304
1452	10662
10662	19767
2448	21684
2448	18544
304	11994
304	24732
23521	17457
15347	19340
8184	4183
8184	17700
8184	17356
8186	12307
20096	8187
20096	14112
8190	10356
8191	22385
22385	13295
22385	15885
22385	22067
8193	26013
26013	21345
23581	16935
8198	23396
8200	17519
8201	10501
25222	8202
8202	24975
8202	25530
24975	25530
24631	25680
8209	14311
8209	23100
8209	10505
14311	21507
8210	9739
23493	17460
23493	2650
8211	26264
8213	15011
556	11511
14869	18812
14869	8222
18812	8222
23101	8226
23101	9819
8227	16244
16244	8734
8228	14002
12652	8230
18577	8233
4211	26595
4211	8344
26595	21473
26595	23429
8244	26566
8244	7020
8244	2979
20215	14614
23409	9847
7723	15322
7723	25902
11962	8249
11962	12550
8252	2758
21101	21476
18824	8256
22320	3895
22320	11175
22320	8258
3895	8258
15827	6532
15827	10000
15827	8516
8259	8897
8897	26445
20893	18539
20893	15878
223	8263
223	10943
24570	8266
24570	9794
8268	12010
8268	16320
25375	14601
12571	8270
8271	398
8271	11251
17697	8276
17697	9789
17697	12151
17697	15967
17697	25537
17697	6110
15967	26330
15967	26341
8277	12264
22994	16808
8281	20435
8281	670
20435	574
8282	12333
17128	8283
17128	14631
17128	22651
8283	12974
8285	19012
8285	10251
8285	15727
19012	10251
23711	23301
23401	12185
9396	8462
22628	8288
22628	18938
10434	11644
4939	16364
4939	9968
14492	8292
9917	485
21896	8293
8293	14391
8294	18565
8294	8432
8295	17119
17119	9939
17119	10101
17119	23602
7572	10170
10170	2378
10170	20343
10170	20358
10170	22760
10170	10080
10170	23765
563	19340
15943	8301
8303	18569
19909	22814
19909	10818
19909	24986
22814	9026
8304	6459
8304	10818
6459	15317
20420	20147
20420	8305
20147	421
20147	8305
8307	25387
25387	7650
25387	23320
9684	8312
11549	8316
11549	6514
8318	9345
8320	24299
18793	8322
18793	17332
21923	8323
24306	7893
24306	13146
24306	3161
7114	16942
19073	8327
11820	8329
11820	11499
23016	8330
23016	19246
15453	8333
11784	13907
11784	14600
11784	8545
13907	18952
13907	22709
17071	14600
6945	10965
6945	12036
6945	22293
6945	7920
6945	22553
7793	8335
8335	11323
8335	16811
8335	20912
8335	23996
2854	19966
2854	4526
8336	10761
8336	2354
10761	2354
10878	22986
22986	8339
22986	11906
15882	23005
10656	15057
10656	8343
10656	12444
18699	8344
8344	8602
8344	22528
8344	11997
8344	25195
8344	15646
8347	2951
8347	8425
8556	8352
8556	21973
8556	11143
8556	15663
8352	15663
15663	21973
16994	10156
16994	16440
10156	8353
20690	8354
20690	9348
20690	23233
7783	10048
8359	21186
8359	3143
21186	8809
8362	21
8362	7007
17167	23820
17167	10754
17167	13962
17167	17168
407	24335
18254	5431
13917	26657
17474	23685
17474	8381
22780	8383
22780	16442
22780	16957
8383	13563
8383	16957
22641	13202
22641	11645
22641	6514
13202	16442
13202	13563
8385	17369
8386	5637
8386	24409
16217	17720
8391	15293
8391	17418
16796	4962
16796	9948
16796	20183
20138	1600
8407	17477
8410	20554
20085	21416
21416	18470
21416	3879
21416	18622
21413	16546
8415	26599
8415	9506
8415	6701
26599	9506
26599	16992
9506	18963
1930	13196
1930	8416
8416	20140
8418	9900
8418	10421
8418	23268
5411	8419
8423	10316
8423	15233
9656	8424
9656	5504
8426	17803
8426	17035
17803	17035
8431	17467
8431	21393
8431	16279
8801	21297
21297	20614
8434	25898
25898	23242
8435	14009
8438	12990
12990	13395
12990	13514
3578	19569
3578	20525
8447	19251
18391	8450
19142	22155
24578	20371
8456	12697
6634	14171
17106	8457
17106	17429
8460	19927
8460	9128
8460	22001
18595	22593
18595	11274
18595	22602
18595	27
14275	22874
14275	8469
7795	15184
7264	20574
20574	25607
8479	19155
8479	21810
19155	21810
23487	8481
23487	9515
25978	17873
14545	8486
8487	19550
7738	8489
8489	11058
8489	20981
11058	20981
8491	20598
8491	9634
20598	21189
5091	17635
17635	8493
17635	19800
8494	14801
14801	1769
14801	23292
8495	20382
8502	11165
8502	23188
11165	11321
11165	13053
11165	24308
23188	8933
23188	14157
24289	8504
24289	4476
13443	8506
13443	22240
13443	24791
15283	22640
8511	21851
16104	8514
16104	19733
16104	16610
8514	23643
10548	20221
10548	8517
15765	17301
17301	2368
2704	4971
2704	16692
8521	25192
25192	19500
4386	23750
3436	12983
16268	8523
8526	20101
10801	9374
8528	14355
2789	6365
8531	19209
8531	14294
14001	16505
13373	8532
8532	18124
19126	8536
19419	7486
22790	12687
22790	8538
8540	10032
8540	9563
8540	20901
23347	18649
8543	22585
23976	24357
23976	8544
24357	8544
8544	15402
22195	15541
2874	8547
12145	8548
8549	4643
8554	19917
8554	21912
19917	18535
8559	17257
16430	8561
13188	12495
13188	8565
12495	10884
12495	25841
12495	24059
8565	25841
25841	11631
19631	23308
19631	12976
19631	2571
19631	13083
23308	12976
8566	17271
8566	235
25179	8568
25179	14246
25179	26548
25179	14417
25179	24144
25179	22563
25179	15488
13272	12277
8342	8570
8570	4947
11907	8574
17593	16526
17593	16054
16526	16054
7757	9783
8578	26212
8579	11193
8579	10758
8580	14846
8580	15350
4330	8582
8583	9452
19242	12577
19242	12137
19242	8752
19586	8588
19586	25233
22227	15145
6777	19113
19113	14829
8594	23122
8597	14725
2124	17661
17661	16902
8601	21801
14827	8603
8603	14840
8603	25231
26691	13639
26691	14840
26691	25231
13639	460
8604	25139
8604	13363
25804	8608
16049	8612
8620	16915
21277	13641
21277	11919
13641	11919
13641	4815
8624	5010
22060	20416
8625	16928
16928	10242
16928	19353
8626	14829
3986	8629
17636	8630
22036	8631
22036	13372
8631	13372
9853	20751
8613	6728
8634	22232
22577	23029
22577	12752
22577	4907
8639	4163
17572	21756
17572	8640
8643	15711
8643	19294
8644	15825
18757	11943
18757	8645
24321	8459
18867	8653
18658	8655
8657	12344
12344	9353
12344	13658
12344	19884
8658	23210
8661	10180
21776	20409
21776	5796
2618	8664
8664	14005
8664	19875
8667	2495
8668	21920
21920	26397
19779	10585
19779	9165
12117	16237
16237	21927
20418	8672
20418	16101
8672	16101
8672	23524
13577	8675
8675	23421
8675	18997
8677	12464
8679	1443
1443	1246
1443	19119
13668	10486
13668	10949
13668	2123
13668	17164
10486	12126
10486	9921
16540	8685
8685	20318
21981	17783
17783	15242
25902	15460
1948	8693
19460	9110
8695	5044
22494	8699
14202	10062
8700	22424
1937	8215
23812	11471
23812	18436
6175	16905
1122	21403
1122	25009
9192	25312
9192	9462
9192	8225
25312	14394
19331	5343
8722	7159
7159	9230
7159	17565
21872	22706
22706	5615
3993	8724
3993	14207
3993	19079
8725	9946
8726	22501
7704	8727
7704	16272
22528	4183
11571	16797
2853	8730
2853	10933
8730	22943
8730	10933
22943	10933
8732	7288
23295	8733
8737	5512
8737	20119
8737	20599
8737	23058
5512	23058
23058	19268
23058	15033
13513	10414
5906	8741
5906	11277
25857	8744
23907	6471
23098	8745
23098	15002
8745	9949
9554	8746
8747	22669
18688	9389
18688	4395
18688	16624
9389	13682
8754	14069
8754	14048
14069	14048
11901	8760
15146	8763
15146	25739
8763	25739
14327	8765
4168	18694
8767	16360
8767	25163
8768	10716
16509	20433
16509	8771
16509	17598
9246	11585
9246	11635
11585	1415
23677	23186
8777	23185
21443	19423
10159	8782
10159	23610
10159	14913
10159	21517
8782	14913
8782	23610
539	8783
539	18369
26187	8786
17996	18459
17996	12337
17996	24195
8789	9873
22872	8791
22872	23927
15643	8792
15643	23719
15643	23623
18936	8793
18936	20830
8793	23200
14767	8795
8795	20316
24256	8808
24256	13705
24256	22504
8808	13705
13705	22504
4277	9539
4277	11044
9539	9925
20757	12517
18799	17345
1827	8822
6328	25741
17770	8823
8823	21712
3822	21403
18219	4792
18219	23214
8826	13630
16801	4466
16801	8827
4466	25769
8827	22599
8828	17584
17584	18779
19407	23261
19407	16066
8831	14490
8831	10123
8833	19885
8833	9977
19885	9977
8836	15022
15022	10060
5976	10147
5976	20934
8840	10136
20258	8841
8841	17211
8841	12713
8841	16904
17211	12713
16904	12713
11890	8842
11890	4919
8843	9906
8843	2129
14498	8845
14498	245
25178	22389
25178	8847
15860	4808
4808	17207
4808	22388
21824	25791
8850	20966
22574	3159
3159	18515
20651	15084
24426	25801
25801	681
20833	17934
8862	22692
22692	15444
8864	26371
8864	12122
8867	8880
8880	6048
23515	8869
23515	23674
8869	10168
8869	24420
2782	18957
8871	8966
8871	24744
20877	8943
20877	8875
8943	8875
1286	8876
8877	15071
9238	9062
14562	22933
14562	14692
14562	23718
14562	24808
22933	16270
8888	18241
19910	10404
19910	8891
660	8892
660	24277
6765	20621
6765	26458
26623	8894
26623	875
8894	10334
8894	17687
8895	16222
16222	6008
16222	24892
16222	20963
26465	24203
8896	9322
8899	24583
8899	15273
13656	8194
8904	20678
25940	13304
13304	21025
13304	20841
8907	26592
26592	21724
8911	1118
26003	26453
26003	4708
8803	8914
2093	15579
2093	16588
15579	16588
8920	26565
26395	6107
6107	5165
6107	4827
6107	1783
6107	24651
6107	20883
2818	8924
20957	3497
3497	9036
25188	8928
25188	14699
25188	25361
8933	4951
9245	8939
15113	8887
15113	6046
8944	20698
8944	25915
20698	12183
25915	25190
5140	21245
5374	8948
18062	16654
18062	15596
16654	24874
15596	24874
17220	17915
25075	2768
9672	16971
9672	19981
16971	8954
8956	16008
16008	12056
16008	26662
14952	12024
24041	8960
8962	6211
290	8967
26455	19477
19477	15378
19477	21854
19477	24865
19477	25208
8968	15422
13117	1358
1358	13334
7096	8970
7096	17960
8970	20674
8973	13301
8973	16559
8973	17149
22996	11215
12431	8975
2235	19625
2235	16961
14689	11863
8980	11863
8982	10398
8988	25521
7327	8991
8992	11051
11051	17141
8994	8020
19523	18950
19523	18495
18950	18848
8868	26451
9001	24088
24088	24117
7022	9004
9004	20579
9005	9176
9006	15108
15108	25969
15108	25573
26074	18177
26074	23755
26074	20687
6121	9009
9010	12141
9011	26500
9011	24729
26500	24729
6046	9013
9013	25966
9013	12914
9013	26295
9013	26607
9015	7255
8176	16543
9020	10447
10447	3224
9024	19355
9024	12729
9025	12271
9026	12021
9029	13327
9029	14017
9030	12253
7467	23904
24762	21724
9037	23182
23182	26001
23182	26039
9038	12352
12352	10721
12352	12222
25139	12207
25139	14655
25139	15115
25139	22716
25139	24004
25139	12258
24528	18816
24528	22555
24231	9040
24231	25477
9042	17945
6536	9046
9046	24932
14435	4714
14435	20968
19469	9054
19469	19487
9054	8909
8909	24204
25719	9055
25719	20921
9057	7089
9059	12284
9060	25996
25996	26342
25996	26510
9061	1075
11100	9496
9063	6380
21369	18282
21369	21370
21369	17776
18674	9065
24008	9067
9067	12208
24832	18865
24832	25596
24832	26058
24832	26457
12100	18308
12100	24778
12100	9777
12100	18307
12100	12882
8861	15397
1853	9083
23800	18528
7211	12154
19145	9087
19145	7917
19145	22745
11066	9089
11066	11659
11066	23407
17090	8734
17090	9997
17090	1514
17090	21153
8734	23376
8734	9998
8734	19340
15001	13407
13551	9094
13551	12232
13551	26462
21545	12795
9104	26368
9106	20697
9107	17868
17868	12223
17868	12369
17868	24840
12223	26617
12223	20667
9110	5347
5347	5064
5347	315
5347	25693
8710	7639
8710	25081
8710	25737
9114	1112
14333	20117
20958	12213
20958	25113
20958	26333
9119	20944
9119	23386
20944	17899
13226	9123
13226	7953
9125	18454
18454	20320
25137	9126
25137	26192
25137	26447
25979	9129
9129	10038
15027	25697
15027	25662
25697	9132
25697	7375
24249	9133
8784	24245
25964	9138
6223	19613
16427	14318
10210	2549
19322	10179
19322	16570
19322	10510
19322	22399
9148	20419
19257	9149
22257	9152
22257	16999
22257	15713
594	16623
1879	18763
9159	8553
9160	6400
8670	9165
9167	18278
25606	26573
25606	1519
26441	9171
26305	8998
16938	10249
16938	1689
10249	9175
24653	9177
24653	9180
11285	9179
11285	12510
11285	12426
12510	12426
9181	11215
9184	24844
18985	2743
8159	11012
11012	20303
4207	9188
9189	9134
9187	25453
20159	9201
20159	7896
20159	23323
20159	14095
20159	11176
20159	20644
9201	14095
9210	20456
15719	2926
23741	3221
23741	21773
11668	26421
11668	9214
14468	17952
14468	16154
17952	9217
17952	2646
24726	26089
24726	16221
26542	23914
26542	1316
5206	18284
23966	24588
23966	19470
23966	24866
14976	14874
14976	13349
12195	9237
12195	16208
12459	9241
9243	9019
9247	11020
9247	9835
9247	15083
11020	11615
25886	24606
25886	26436
24606	9249
24606	26436
1616	9250
25087	15333
25087	26351
19088	21155
19088	19453
19088	24659
24970	9258
24970	25357
15455	9259
15455	23835
15455	21980
9259	23835
20419	19958
20419	17036
12384	9260
12384	23761
26610	9261
9261	331
9262	1285
26585	9263
26585	10625
24199	26479
26479	12141
23376	9092
23376	24028
9268	20661
26621	10335
26621	24859
9269	11067
24029	25086
24029	17500
24029	18888
24029	21642
6122	9270
6122	11596
9270	9355
9355	11596
26234	9272
26234	24546
14181	19892
14181	15863
19892	14335
9623	11069
9282	25236
25236	16355
25700	9284
25700	20647
25700	22801
25700	26492
7032	9285
17937	12020
18566	9286
23193	9290
9290	17750
9293	5157
9294	14395
9297	4672
17975	26533
7712	9302
7712	15480
9307	6009
9308	24504
9310	25699
26518	9311
9318	687
687	18419
20938	18347
18908	18347
18908	16537
18908	12624
18347	13526
22229	21254
15980	14614
15980	24312
9328	24708
10063	9332
9334	5306
5306	8345
7256	20993
24951	9335
24951	25515
9335	25515
15918	6151
11957	9614
9614	8315
20028	2852
25626	18889
9340	9163
9340	7950
9341	14805
9341	23824
14805	23824
14805	14998
14805	18242
16312	9342
16551	23050
6355	14774
6355	7640
17878	9352
22272	14133
12460	21816
12460	25704
9859	9360
9859	15990
9859	25738
9360	8443
24366	19213
19085	9244
19085	15260
20179	3058
21082	18769
21082	8164
18769	9602
18769	15952
6442	20388
6442	10712
9371	9531
9531	7257
9374	5660
5660	13390
7623	6322
13371	9380
13689	21291
9382	14330
9737	15863
15863	21591
9387	23323
23323	10906
23323	11476
23323	16313
9392	11945
9393	14320
9393	21831
14320	21831
9395	24492
2254	24492
21419	10419
21419	13939
10419	15685
10419	8287
9398	17713
12484	3118
9403	18570
9403	11266
19446	9406
1519	9407
9408	3788
21444	9409
20014	9412
17205	9413
17145	9414
17145	12783
9416	12702
8524	9953
8524	23626
24257	9421
24257	11384
9421	11384
9421	13306
11567	9425
11567	12727
1548	9429
2714	13059
9438	19374
11215	16962
16359	11972
11972	3367
11972	21634
2776	24346
9443	22003
22003	20241
22003	25259
11313	9447
9448	5907
19226	22244
9471	14216
9471	10816
9471	14864
14216	8321
15292	12525
12525	9453
20687	23755
9455	5136
9455	21770
9455	20923
9455	25579
5136	20923
21770	11312
9456	14643
23345	23379
23345	6069
6622	13735
6622	26190
6622	9458
13735	9458
13735	26190
228	9461
16473	9464
9108	13994
9466	17010
9466	20093
15462	10491
12383	13157
21470	9475
9477	4266
4266	17277
6833	9480
9480	5257
9483	7378
17657	13404
6701	9490
6701	23338
9493	18712
21487	13495
21487	9495
13495	9495
9497	18667
9499	16140
9499	23572
9504	14730
21055	15662
21055	8750
21055	14125
7000	21678
21678	11231
8444	9517
9519	14382
9519	18180
14382	18180
25473	9520
14410	9524
14410	15437
9524	20104
7687	20104
7687	15437
19102	9526
9527	3943
9528	16044
4667	12679
4667	12677
12679	9561
12679	13872
12679	19978
19978	9534
13988	9535
13988	12506
21622	16163
9543	13555
12457	20709
9609	9545
9546	1438
23730	21129
23730	9547
9549	18704
17835	9611
17835	2680
25354	23795
13648	19574
13648	16624
13648	16155
19574	11368
19574	10844
9553	21051
24343	1883
13346	17788
9679	19410
9679	9556
19410	9556
9557	1198
25216	21269
5433	4796
5433	16923
9561	11977
9563	20901
14763	9564
14763	19060
12980	969
24101	9745
24101	26061
24101	15576
24101	22252
19887	9573
7447	9575
9578	18882
17531	9582
17823	9583
11257	24236
24236	7784
22736	9587
22736	22592
6893	19893
23822	9597
9601	15012
9604	8380
9605	11802
14542	9612
14542	23011
7893	19132
11827	9617
9619	10424
9620	18058
18887	19524
18887	19533
19524	19533
21314	7671
21314	14118
21741	9627
21741	11053
26208	9628
12914	14225
4934	9632
4934	13569
4934	5692
9632	13569
13569	10888
8713	21458
21348	20626
9637	8610
11880	14142
9642	23212
3944	9644
9647	11149
9647	21461
21461	14271
16412	9648
19588	9651
9654	18724
18724	14008
16121	3336
1093	23808
1093	9665
1093	17761
26505	9667
9670	13276
9670	11520
6406	12589
12589	11923
9674	20165
9674	8824
8824	13413
8824	19372
8824	20362
23790	9678
9678	18945
9681	9745
9683	13780
18325	9688
9689	10173
24317	9691
9693	14762
14762	13286
22358	9696
9696	12404
5533	10622
9699	19151
9701	16245
11961	12323
8275	21068
8275	9704
16229	14685
9968	16364
16364	17282
8075	15584
15584	6230
25942	4721
9718	1522
7717	9721
9723	12748
12748	13360
25333	12854
18263	9731
15721	2680
15721	10885
10885	21475
14997	14011
14997	19104
14011	13506
19500	3276
22693	9746
26519	21738
26519	21573
8465	9750
15865	1513
15865	9758
23891	9761
23891	18869
9761	15976
9761	18869
23803	9879
9879	9764
9764	16199
12124	9769
12124	15010
21818	9770
21818	21636
9770	14973
17802	16133
10751	2642
10751	7228
10751	9031
11126	2105
11126	17792
13709	9775
17049	9777
9778	11335
9778	16607
11335	26051
14243	9781
15397	25907
15397	17936
19284	9790
19284	20896
12779	23325
23325	2369
2369	12621
9795	18731
9795	10019
18731	17430
18731	10019
19303	3005
12726	9800
12726	20059
20567	657
22069	18973
22069	9803
10479	22781
10479	18973
9806	20942
20942	17371
20942	17375
20942	13663
12922	18741
12922	21584
12922	24637
15372	13984
13738	3007
4514	18861
4514	23535
4514	17389
16261	13174
9821	21454
21454	13863
9823	24960
24960	23776
24960	24750
20255	21868
20255	9828
20255	9206
20255	25798
20255	20033
21868	20033
9828	25798
9831	9830
9831	11379
9831	19804
9831	25601
11379	22536
11379	6927
11379	6981
9833	11681
14436	9836
11563	9838
9842	20366
11529	20199
24382	4430
24382	1145
23725	12707
9850	18244
9851	17595
9858	21815
20029	11655
9862	25816
9863	7371
7371	20049
10353	25817
6988	20253
9868	21876
9868	698
12176	22883
12176	11803
9782	17418
9782	15587
17418	9876
9876	15587
15587	13206
23633	13490
9880	19317
18458	9886
18458	15196
9886	9975
23695	13487
13487	15817
9891	26308
9891	9978
9891	20410
9978	23632
916	18463
18463	2110
22483	17656
14930	13702
14930	19268
14930	19398
9896	25818
25818	2807
18954	9092
18954	9897
9092	10139
9092	9897
419	9901
419	17120
18853	9902
18853	1577
21433	4989
9904	23152
9904	20627
23152	25311
4299	10190
4299	14192
12753	9910
2772	26674
26674	8535
9915	22884
26711	8400
7607	9918
23280	9920
9920	14000
9922	19936
9922	14993
9923	11903
2105	14118
14118	14865
2752	3998
2752	12128
6678	9930
6678	20404
25316	23149
25316	22216
23149	25755
20481	19508
10132	20378
10132	9938
9942	19615
9951	3169
3169	13906
3169	13818
9952	11845
11845	19189
9955	5236
4767	14035
4767	2991
2991	9957
3458	9959
19268	24381
9969	15286
9970	10120
9970	16343
9979	2764
9979	21199
9979	9973
21199	9973
20410	16317
16317	23632
13113	9980
21291	23857
21291	15932
21291	17778
21291	21394
25670	9989
25670	25115
25670	16605
25670	861
9989	861
25562	9991
25562	25007
25562	24096
23810	13033
23810	10176
21381	18549
10637	7721
9992	3182
3182	23785
20890	9994
9994	12464
9999	18892
17065	11507
17065	15763
11507	14352
15406	11670
10005	16401
10005	11719
10005	19504
10007	7518
4341	10011
14438	10012
10160	10015
23231	10017
10021	2773
10021	16578
20711	25731
20711	9140
20901	20960
10033	20271
20271	12933
10036	18766
10036	21349
10036	12528
10038	12402
10038	8898
22066	8649
22066	6605
25676	26102
25676	25488
845	18337
10045	14015
5060	10047
9974	10053
10058	23346
9048	20431
9048	25113
10064	10544
10064	10363
10544	22820
10066	13774
13774	15415
10068	21053
10069	17688
13826	10049
13826	10071
5077	20170
20170	22905
20170	25341
10075	2492
22599	17637
19334	4156
19334	12724
19334	15130
10079	2130
18265	10081
18265	10070
11971	10082
17408	26670
9865	15533
9865	19948
19948	10084
7621	343
343	19805
18584	15870
19548	23184
6489	17114
18433	10094
18433	17776
10094	24085
10094	3035
10868	10096
11987	24681
11987	12610
14358	16584
14358	16130
14358	13583
10100	13570
13570	19461
11889	17516
10101	20106
4432	12750
10112	23878
14723	14564
9232	18330
9232	21200
9232	21442
342	24679
342	19330
342	21200
342	21249
342	23024
11600	20452
24619	26469
24446	22827
10122	16019
10130	25284
10141	10131
10141	20406
10131	12701
10131	20406
12701	10142
9924	4108
9924	23849
4108	26201
6741	10133
20445	25425
25425	17023
25425	20511
10260	10140
14488	10253
14488	21629
7771	86
10146	16760
10149	15557
10149	19192
15557	25556
21495	23655
23655	11705
17173	10150
17173	14946
10150	14946
1514	18958
1514	24924
14615	22067
24274	16282
10164	23983
10164	26554
26093	10166
26093	26285
10166	26303
10166	26285
10166	15127
12329	22025
12329	19951
1367	10172
13675	20397
13675	7359
24099	26338
18591	22220
18591	11349
15520	15627
24710	23647
24710	10185
20292	12328
20292	14938
12328	21411
20972	18146
18146	20608
18146	8712
12299	9932
9932	24011
10187	24011
24082	10191
10196	5109
10196	22283
10196	11123
5109	22283
10197	11531
10198	24445
24445	17415
24445	9864
18642	10199
10200	21515
10202	2445
2445	25685
3566	9822
10204	20870
10204	24055
23998	10205
11968	17166
9911	10215
9911	14276
11480	10226
11480	12930
11480	14376
11480	19138
11480	19188
10226	12930
24419	14424
14424	12930
12930	20538
22438	5970
5970	19016
5970	10227
19016	14775
20587	10228
20587	24848
20587	25195
24848	15052
10229	21559
21614	10232
21614	22757
21614	17957
21614	14166
21614	25116
21614	22723
10232	25116
10233	5726
15715	3017
6761	1761
7576	8372
14292	21464
14292	10238
14292	23778
10239	497
19275	10244
14303	6835
6835	8798
6835	26288
26338	24671
26338	15773
10247	16902
18381	9468
24235	10252
10252	13597
10252	19986
9540	11581
13512	10254
18318	11350
10258	10650
18581	26092
18581	23162
18581	11127
18581	20997
24709	10266
24709	6560
10266	25587
10776	24616
10776	10268
26150	10270
26150	23507
10273	24774
10273	17695
17695	17260
17695	26600
17260	6011
17260	12141
6551	24748
26548	6537
24637	20918
21412	483
21412	17328
10283	20863
10283	10995
20863	20725
10286	10989
10286	14111
12201	25485
12201	9043
391	22408
20832	18915
13760	24711
10299	18589
4430	3627
10306	20777
10306	26170
20777	26170
2340	16295
16295	23074
16295	20803
16295	23000
20803	23074
20803	10310
24164	10313
24064	25939
11420	10317
10317	16291
10320	22307
10320	11127
22307	5124
22307	7955
22307	25324
17956	20952
17956	15035
17956	10322
17956	24140
20952	25612
22811	17130
1956	10324
1956	22888
24296	18529
10329	15645
24141	25678
26613	7209
10336	1307
10337	17016
25143	7312
10343	11296
10345	14672
14672	10475
14672	26632
10475	6730
15163	10347
17136	1576
17136	10477
17136	13864
1576	17013
21861	10351
10352	20027
10352	22224
22223	20027
17462	10355
20839	24264
10965	11098
10965	19562
10965	10975
10965	10365
23026	6850
10368	22543
10368	3903
13093	4664
25959	22410
10701	24630
6364	5992
23362	10385
23362	19394
10387	10744
10744	7266
19488	21597
21597	10395
8866	25952
26281	18442
18442	13536
10411	2979
10413	18767
18767	11228
18767	22716
3966	23422
10427	13490
13490	9878
15254	10431
15254	15250
10432	2813
7070	26638
14254	2068
14254	18237
10444	26243
10445	4243
10446	21387
11774	25065
7072	292
23235	15787
23235	10456
15787	21902
10457	7750
7750	16693
7750	11704
10459	21748
10462	16351
15262	19185
10471	653
1699	13229
13229	10473
13229	21088
3295	10473
8402	10476
6216	10487
10490	11547
11547	12543
10491	10492
979	10409
979	16318
6428	14491
13245	10496
13245	17507
13245	17587
13280	5789
7416	15234
7416	10503
15234	10503
15234	21798
19740	2227
2227	10506
8060	18091
18091	10508
18091	25042
10510	22186
22186	12897
8046	16775
10516	4869
4869	13095
16599	10957
25745	13731
25745	26616
17018	22799
16981	10028
16694	10522
15570	10527
15983	1436
22104	10530
22104	22092
10530	26228
10581	10531
10581	16666
10531	11756
10532	12949
19697	10534
11644	10536
18385	10539
10539	14268
10539	14557
10541	10607
10543	14190
10546	20517
5203	19788
19788	22074
10549	15594
10550	13313
4366	16831
16831	13313
10551	7837
10551	16389
18285	10554
18285	11514
18285	13133
10559	12893
23882	10560
10560	759
1295	22769
709	10564
15603	10566
15603	12802
15603	22173
10566	22173
10566	12802
24565	16070
24565	22326
13040	10571
17969	9306
17969	10580
17969	15215
9306	10580
11756	16666
9418	10583
13217	19498
13217	10309
23895	22845
16718	10592
19742	10597
19742	838
10598	3271
24688	19367
24688	13593
13593	25132
13593	7291
15808	19794
22097	10602
22133	10609
22133	14764
23669	15840
23669	10610
23669	11790
23669	16255
15840	16255
15840	11790
15840	10610
21290	16255
16255	18272
7112	23838
6274	11799
7978	10616
307	22121
22121	23456
22121	13003
10626	2271
10627	831
10627	24039
10628	12389
10631	19939
10631	17740
19939	17740
11362	21074
11362	10633
21074	10633
21074	22754
10633	22754
5129	16164
16164	16449
16449	10635
13686	14797
14797	10644
10647	17758
461	18317
20557	13785
20557	10652
6852	22982
22710	15446
22710	10664
22710	24104
10666	20555
26298	24677
1580	13087
13087	11449
20660	17961
6432	20581
5621	21530
5621	13910
11271	10675
11271	15307
10675	15307
327	24624
4155	24598
1642	17559
14589	10685
25281	21335
10694	20724
10694	13918
20724	14100
19987	10696
24109	10698
24109	22521
24109	664
10698	22521
25599	10702
25599	25489
16181	10738
16181	22274
11194	10714
11194	3543
11194	13152
15883	10715
10719	24581
24581	22765
24581	10999
403	10725
21188	10731
21188	23847
21188	7053
13096	10732
13096	20503
13096	16821
10732	16821
7818	16821
5053	10736
22842	18468
17086	19401
5021	10741
24801	10743
11174	19565
10752	214
10753	21772
10756	14552
14552	13896
10763	21778
21778	17305
26723	10764
10764	15822
10765	8609
10767	21037
15316	10770
12474	10771
10772	15900
10772	21363
8119	20230
8119	21363
20230	19030
14499	11399
11399	10773
10781	15236
10781	15253
15236	15832
23585	10783
13452	10785
13452	18453
13452	21124
21229	9222
8545	10799
8545	16595
8545	16316
12628	10804
10804	25812
23017	21440
23619	9446
23619	8189
14841	22016
21745	10807
10811	2918
10812	17455
6764	10814
10816	25763
955	9753
9753	18802
18802	10821
10826	17707
1989	10829
10830	8337
10000	6532
10837	11431
13819	10838
13819	24780
10839	14992
10839	11083
10839	14182
10840	18435
10843	14028
10844	10285
10844	20723
10844	7852
10903	8474
10903	14864
10850	13144
14749	10854
14749	21106
14749	13956
14749	12605
13503	10857
13503	20045
10857	14965
4792	16092
4792	16000
15231	10865
15231	661
10865	15999
10867	17675
10873	18981
18981	17357
10879	24367
22571	10882
19705	16768
16163	25873
17544	20600
17544	14646
2237	10889
10890	14748
8437	19026
10892	20083
10892	4993
10892	23197
10897	16499
16499	14795
10906	21511
14901	7766
10910	7953
10911	11035
25762	22547
25762	10918
22277	10920
10920	11439
1221	10922
2339	14091
14078	10925
10925	11371
2334	10926
20862	25753
25753	15768
25753	16591
10309	22348
10309	14073
10309	22212
10929	23084
10931	8555
10931	19666
8555	19666
4921	14197
21367	18632
17946	6137
6137	10936
13221	10945
13221	18903
14884	10948
14884	16327
10949	14211
14211	15705
13461	14326
11098	14053
11098	10365
18045	10960
18045	20809
23089	11129
23089	20160
23089	10974
23089	14039
15741	10964
10964	18899
10964	22214
18899	26182
22214	26182
22214	12293
10966	17763
10967	15683
20778	10971
10971	20787
10972	13519
10972	23385
10973	11114
20160	10974
10970	10976
10976	15747
10985	14104
10985	6937
10985	22974
10987	19830
19830	26042
20169	11437
10982	10988
10982	11031
26039	5887
26039	26682
26039	26001
26039	26172
10990	26018
22302	11107
22302	26046
10993	23090
10993	6913
23090	19828
23090	6913
14941	10994
14941	25315
14941	25765
10994	22930
25315	23040
25315	25765
20725	10995
22765	10999
11000	13222
13222	18903
22941	16456
22941	16020
22941	24843
12310	11005
12310	11742
11005	16199
18284	20504
20504	20088
1875	12255
1875	22239
1875	20819
1875	22646
1875	23827
17943	21246
17943	19328
17943	17251
20372	15481
15481	11015
11018	24068
11018	17479
11018	20782
22276	5122
15152	11027
15152	23259
11027	23259
15862	7001
11030	10308
8397	11032
8397	1047
8397	14839
11033	6890
17772	20811
17772	19905
16586	20795
7860	11036
11036	16990
10894	11037
11039	23913
16123	25614
2712	11043
11045	13973
11045	13463
13973	13463
8772	4818
8772	11049
17506	18326
18326	11050
17630	21711
11052	20267
11052	7152
11054	21554
17276	11055
11071	11056
11071	22487
13757	21112
13757	10295
13219	25209
13219	22541
13219	19578
13219	10919
25209	11061
25209	10919
22541	11061
17412	11062
17412	4549
13561	14698
13561	14709
14698	14709
11075	3349
11075	23384
27	15824
15824	11076
4435	619
17169	11401
17169	23829
11401	23829
11078	5962
577	14221
18788	11087
18788	18638
11087	16437
11088	22308
22308	11429
25114	11091
11092	2327
23173	11093
11096	25654
25654	14068
14053	11497
5965	16168
25349	11104
25349	11492
11106	10963
6913	11108
11108	2337
11111	20796
11111	22462
11111	6921
11111	20443
11116	22211
11852	11119
14106	23239
10962	25760
25760	16592
24334	11131
11132	10443
20454	15813
20454	22988
20454	9304
11140	16183
11141	16956
11144	26547
1236	11145
14209	11147
25658	13617
26357	15704
26357	1435
26357	17733
15704	11153
15704	25190
17140	9834
17140	26067
9834	17448
25368	17448
25368	25908
23294	12116
23294	21734
11157	2685
21271	2865
11161	10043
10043	15668
22515	11163
11164	3222
16456	12015
16456	17833
16456	19862
14947	10673
24548	25552
24548	24897
10290	11169
11173	15853
11173	14109
11173	23080
15853	14109
14109	23080
14109	20790
8258	11175
5414	11183
5414	18218
11186	11400
11186	14440
11400	14440
12405	11188
24662	6755
14945	11189
11189	17342
3543	12722
11197	13456
11197	9686
13456	9686
11198	12036
11198	21691
11198	19098
21691	25972
11199	8564
11199	21357
8564	13846
8564	21357
23334	21504
23334	16026
23334	17366
17174	11210
19799	12390
11216	15976
15976	18869
14104	6937
15788	11223
5690	20436
20436	11233
11234	15531
11239	1967
11241	12810
11244	5437
19228	2895
19228	1000
19228	21567
2895	21567
2895	11512
11537	18937
17399	4223
12673	17413
11250	13994
13994	15379
4999	11252
6311	11259
11259	2826
26672	12468
26672	12691
12468	12691
12468	15090
12468	6103
16432	14695
16515	11268
3375	16269
3375	19814
3375	24219
16269	23921
18678	11272
18678	18345
11276	26027
5827	17705
21012	10913
21012	20089
10913	20089
17147	11279
11279	420
6082	11073
13267	11281
13267	21135
11281	21135
11282	22038
11282	15529
11282	19031
22038	15529
9861	20364
20364	21892
20364	10338
25701	22202
13440	11288
13440	23992
11294	24747
11295	1801
19767	22753
11298	26169
11300	3798
17033	11302
17033	22778
25185	12426
25185	24749
25185	26266
25185	26031
11309	14964
18037	11316
14402	11319
14402	11624
14402	15514
14402	9884
11319	13510
11322	8102
11322	16520
8102	16520
23019	11324
23019	5439
23019	17115
5439	11445
5439	14770
26343	11327
11327	14684
16130	17619
25849	16119
16119	11329
11667	11330
11667	24228
26051	21478
23989	11337
23989	14519
11337	22134
11340	22873
11340	13107
11340	7987
22873	13107
19176	14255
9214	11342
21941	19005
21941	24505
11345	17075
16498	18660
26493	2376
18358	13393
26724	6691
6789	679
11357	11475
11359	19504
6582	11360
6582	16749
11360	16749
11363	22674
11363	23893
9730	11365
11365	15464
22505	486
6939	15154
6939	11486
14063	22338
14063	22458
22338	22458
20726	23167
22885	11373
11376	25906
11377	26017
26017	23253
11381	17274
20251	1545
20251	24600
24579	2745
13365	11392
11393	4957
11394	19888
11394	6771
13855	11395
21505	24175
11397	22065
22845	23215
22845	16527
22845	16011
22845	15911
8513	21415
11412	24383
24383	14342
11414	22306
15212	11416
15212	13270
11419	18275
18275	25112
15686	11424
11425	7830
20722	25345
20722	14074
20722	22279
20722	26040
25345	20788
26178	25309
26178	22331
26178	22347
11434	25773
11434	6931
11434	25112
25112	11112
1556	22030
26682	26001
14572	18819
11442	23991
23991	23793
23991	20947
11443	9375
11445	19178
11446	3127
13950	13943
17926	12312
11451	21174
11451	19423
11452	2559
11452	23593
21226	23802
11455	10660
11455	17360
13879	16017
13879	21762
16017	17214
13651	11459
11463	10852
11463	22741
14309	13953
14309	17286
11472	23840
11473	11526
11473	19601
21538	11483
11484	21532
11493	20992
11493	23079
20992	20864
20992	8467
20992	22271
15304	532
15304	22856
11498	22598
22684	4264
1291	11506
11510	15842
15842	16879
6740	17791
6740	7366
11516	13231
11516	17744
11521	8243
11523	11738
11523	12547
12547	15759
13923	11530
18386	11533
18386	22892
11540	10709
10709	14244
11976	13438
11976	12456
11543	17621
6412	17633
24630	17559
5274	11559
11559	15187
15187	15019
15187	7538
18747	14023
11574	21653
3262	11577
11579	17185
25191	11582
25191	19328
7177	23920
11590	15239
17262	11591
17733	11602
17733	16620
17733	15773
11602	13874
11602	16620
11602	16645
11321	22011
2721	11611
11614	24169
11622	21281
11630	4549
11630	14052
11639	6679
1590	12262
12722	11648
12722	13152
10828	9333
16434	11651
11651	18621
11657	15313
25960	11660
11664	22685
11666	23911
23911	22847
13269	6958
13269	25341
13269	8585
6958	22249
436	5362
18290	11679
11679	19583
25505	11682
20158	11683
11689	17284
11690	16171
20041	10339
20041	21871
20041	9841
20041	1461
11694	21143
11696	25370
25370	5481
20453	11698
11705	11479
11479	16157
14919	24999
16776	11709
16776	16744
11709	16744
17660	13364
17660	26082
2292	24406
16641	12969
16661	11716
16661	2278
11716	9476
11716	24914
11721	21584
21584	14249
21584	11895
21584	2940
21584	23701
11722	18174
22466	2353
22466	16708
22466	18538
2353	18538
24024	13083
23459	13003
23459	17984
23459	19639
11728	4032
11735	20738
14139	11739
11739	16864
5254	19614
5254	23981
21855	11748
11752	7428
11754	23898
11765	22176
13089	11767
13089	4516
4516	23316
18172	25462
11778	24519
11778	24883
19293	11786
19293	16974
19293	24753
16974	24753
11788	15614
11789	23676
11790	10610
11792	20109
11792	20107
5710	10216
11812	24021
6602	11822
6602	21516
11822	21516
23771	5896
3276	21194
17272	19553
17272	22482
19553	28
19553	3574
19553	19465
24391	25258
3766	17709
17709	14796
17709	17717
11839	10485
17425	5683
26644	11848
163	11855
11856	8297
11859	763
26257	23018
11864	14737
19200	14668
9732	8563
11875	21388
10686	17541
10686	12408
10686	22015
17215	11879
17215	19390
19390	8471
11881	15499
11882	22147
18840	23772
18840	21836
23772	13144
23772	20649
23772	10428
23337	11884
17516	20066
16924	24385
11897	26262
11897	13149
26262	4033
7668	11899
8246	11909
8011	18210
4215	16246
20532	21963
21963	11913
24488	11919
11920	25280
25280	12375
19422	11921
19195	11924
11924	24267
16953	11925
11925	21026
20688	11928
11930	21528
11933	10472
21098	11935
11935	7057
7057	15123
11937	17605
17605	990
3136	11938
20814	11939
20814	23745
21550	11940
13606	11948
11952	20212
12912	21788
21788	22443
21788	11953
634	3151
23206	13159
12550	26132
11964	22365
25478	11965
22652	13557
11978	25495
13035	17791
11981	24679
11981	26354
11985	15947
11993	17496
11993	11986
11993	15955
17496	15955
11986	15955
2131	16631
24094	11991
24094	7099
11991	24170
11992	20089
12005	25406
14195	12009
3517	12011
12011	24439
12014	3858
3858	18571
12015	12112
20381	12017
12017	25273
24773	15148
24773	17728
24773	26312
12024	8959
12024	13031
26580	17861
12027	25874
12027	19757
7352	12029
26522	12034
24451	24544
24451	24603
24532	25536
12041	4071
19808	15249
19808	10250
19807	12045
20654	17980
17980	24953
589	8221
8221	21769
8221	14235
12056	26662
1567	1589
23522	9673
23522	10630
9673	12061
3043	52
12063	10026
22348	8321
22553	22533
22553	20857
12076	17050
12078	20070
21735	12080
12081	20099
15845	12083
21491	12084
21491	18256
21491	20421
18646	22614
12090	25624
12093	16150
12093	7515
16150	7515
12097	21362
13447	12105
12108	21644
12108	18474
21644	21654
18474	16182
18474	21654
24179	12110
24179	14454
12110	21089
12110	22928
12111	7843
21731	12113
18077	24087
24759	24881
24881	10697
24881	21252
24881	25989
23116	12119
12120	15081
12132	24996
6022	10301
10301	24569
15868	12137
12143	19525
12146	14480
12148	17051
12150	3190
12150	3512
3190	17936
12151	6628
12151	18380
12152	12807
7425	26495
20764	10203
17873	12162
17873	5116
17873	17990
17873	25181
25161	25669
12156	374
15054	26408
5103	24546
5103	24850
24025	1220
24947	26072
26072	26126
25264	12171
1431	12173
12173	26084
12175	20701
20701	17248
12178	7316
7316	26567
12180	20539
24841	12181
12181	20982
12181	24604
1287	12186
12188	22548
22548	14110
22548	25893
22548	22902
12191	12536
24337	15987
5144	15987
16208	18328
11237	19096
11237	24817
17246	12197
12199	25447
9043	19499
12202	21837
12203	24781
12162	23288
12162	17973
12162	26337
25581	9271
12208	12216
12219	20838
24163	13613
1830	13352
25113	17078
12233	24771
7624	2018
7624	26604
12372	26470
12248	12211
12250	11060
3335	12251
12251	20670
12255	3454
572	12256
572	14316
12256	18043
15521	12260
14661	6277
1398	25934
1432	23721
1432	12265
21085	12268
21085	7086
5913	12268
12269	24758
24050	1164
21335	4342
21335	14244
4342	23846
25638	25415
12279	13631
20484	12280
12280	12584
23879	22095
22095	12282
12283	22803
12285	24472
14198	2536
12293	26182
23693	12296
12303	20573
25147	12305
12306	12381
12306	25613
12381	10653
14863	12308
14863	13761
24675	12309
24675	25858
12309	26588
11617	5339
12321	19184
1579	24192
1579	24233
5344	26346
12325	10288
12325	26023
10288	26524
12326	22147
19951	16802
19951	20130
16004	12336
12336	14602
22514	14602
12337	8979
12337	15268
18977	12338
12339	8245
8245	13898
12348	3610
3610	19008
3610	19518
19008	19518
20349	15268
15268	13580
18999	12353
12353	24943
25494	12249
12249	20945
16889	13856
13856	12359
12360	960
12361	393
12361	22802
393	22802
12362	12502
12366	1345
23735	13322
23735	13187
11850	12374
12493	12378
12493	24896
12379	7282
16583	15141
16583	12019
15141	12380
15141	17322
10246	16980
12392	6566
12392	24455
6566	24455
751	12395
13418	12594
5905	7253
5905	14423
12401	21497
12401	21183
12401	16107
21497	21183
21183	16107
16437	26629
12406	18439
16572	3783
16572	16565
3783	16231
24622	12414
24622	23243
24622	24864
12414	20537
12414	12243
12414	19038
14578	17105
14578	19295
14578	23402
14578	21553
12419	10869
12436	18154
22901	12441
12449	26692
12449	23387
12449	15769
26692	23387
26692	15769
23387	15769
12450	25607
12450	26528
25607	19346
25607	20693
25607	25702
6762	6517
26031	26442
3498	13145
12461	5025
21288	1691
12470	15435
12475	18261
12475	21209
12475	23855
18261	21209
12478	20347
20347	15843
20347	14793
20347	9636
12486	18009
12486	5134
26285	15127
26285	26303
4722	12488
12488	26203
24001	11996
10291	12492
25419	25517
19382	22510
22510	14427
12257	24942
12257	24899
22014	12511
22014	13640
12519	10689
10689	16805
5705	19890
12523	17192
17192	8810
15331	13766
15446	24104
15446	25361
13178	12532
13178	3289
13178	18344
3289	18344
12568	12535
12568	12769
21567	11512
19375	8061
12540	22769
12543	23361
2409	12544
2409	21952
2409	14012
20429	12549
12551	21114
21114	4421
12555	23504
12555	25142
23504	25142
3551	12561
14414	12566
12566	19048
12566	22499
12572	13485
12572	14850
12572	19600
12573	21463
21463	14117
23053	18734
18734	16106
18734	1654
18734	26116
21802	17379
12433	12585
18777	12592
66	12595
12598	25921
4746	7322
26719	12599
26719	17426
12599	20926
12604	5943
16201	13833
12611	89
89	17821
12613	14726
12613	16602
14726	5619
18276	12614
3236	9927
14023	6792
15338	12625
12630	10155
12630	269
12630	16988
12634	14328
14328	12534
17751	12636
12640	14745
20739	12642
20739	665
12642	18447
12646	23378
24436	11702
6346	7137
10259	12654
12690	12655
12690	15537
12690	18723
12690	2553
17373	25244
25244	1630
19023	14341
10750	13518
14443	6315
8142	12661
22672	12664
22672	15770
12665	20386
20386	13449
20386	21343
16234	12672
16234	14289
15616	12675
12683	21469
12683	14694
4532	16887
4532	1630
16887	18253
12692	20376
12695	18479
12695	5455
12696	8916
8916	6339
20377	12700
26712	20018
26712	12704
21529	12706
21529	13990
4352	11041
4352	19444
4352	23495
4352	17999
12717	431
431	17411
22596	22615
22596	12718
12724	408
12729	21160
12732	23028
15105	26602
15105	25549
26602	16538
12735	15225
18572	18462
18572	12746
18462	12746
25682	25385
12754	3339
16365	23397
12757	5027
14621	12758
12758	14999
12764	1131
12766	23291
18715	12780
12785	25647
25647	11815
6241	15607
15549	12789
8004	12803
8004	16678
12803	16782
12803	16678
16782	16678
12810	22523
12810	23890
12813	6500
12813	13051
12813	22124
6500	22124
6500	13051
19661	13043
19661	12814
22476	2495
5160	12821
12821	18870
22094	12823
12823	15556
20928	12824
12826	14782
12832	24755
12832	24743
5192	17494
17494	12844
12845	18165
18165	4642
19706	12847
12847	18404
12849	3372
12849	15655
12851	12879
3689	12856
16679	12861
12862	15631
15631	15619
15631	2132
23860	18158
23860	12863
18158	12863
18158	15582
12863	15582
3245	12864
23881	12867
23881	16757
12867	16757
12868	23175
12868	15791
23175	18354
16772	12874
2208	12878
12885	25279
9890	12887
2145	12891
2145	7812
12975	3691
12904	7936
10594	17613
12911	11489
22443	11953
19462	14199
14199	21118
11796	5247
16731	12919
930	12921
12923	16273
12923	13634
12831	11772
12927	19714
12932	20741
12938	18070
6264	12940
12944	22145
22145	23439
2495	14583
3677	12946
16785	12947
19695	19676
23162	23986
24150	12956
24150	19601
3912	25628
3912	7802
25628	23397
16730	12959
13875	18689
12963	2179
12965	2169
12965	18080
2169	18080
2169	23871
18080	23871
1970	12966
12971	14658
24210	16652
16652	12973
23444	19751
23444	12979
19751	12979
15496	6399
18032	23472
21508	16209
16209	24668
16209	24560
13395	18004
13395	16259
19641	12942
19641	18123
7909	12997
5208	13003
13003	17984
16605	13009
16605	25115
16605	13611
25021	13014
25021	4515
5200	16383
13044	13019
20497	13020
13021	23873
7945	24870
13028	22164
22164	13095
13403	13032
20178	18061
25061	13037
25061	19657
5190	18067
13046	25048
4993	17072
13053	16783
13060	14497
5214	13063
13063	23446
13064	2295
10707	13069
13069	19229
6281	18122
13076	23311
13079	19552
13080	23661
19717	18143
17133	19971
13102	25872
13104	9635
6100	13108
13118	23134
13120	20482
1780	13124
22219	13545
13477	13125
13477	21474
13125	14120
13125	13474
14120	13474
13474	21474
20849	20216
20849	118
19873	22285
13141	21841
13144	20327
13145	20222
13940	13147
2404	13153
13153	24027
17182	3865
81	17278
22427	13159
18626	13166
19675	9461
19675	20315
19675	13167
20315	20762
7232	13168
16946	13173
16238	13175
13179	11318
1797	24215
20616	13181
20616	15797
20616	17102
20616	19076
13181	17102
17102	17679
17102	15797
17102	19076
17679	19076
23611	15275
13183	9510
13323	13187
22674	23893
3891	13189
21191	10789
17615	15919
17615	13192
15919	14932
3220	13195
16580	4012
4306	17894
21769	19273
21769	21260
21769	22525
21769	15128
18836	13204
13205	4640
13205	26630
16260	22988
22988	9444
22988	20341
13647	25777
25777	20792
25777	13210
13212	18906
13212	23240
16332	22902
16332	19566
13214	22027
19496	22253
19496	24974
22253	22924
20146	13220
20146	22478
13220	3036
25325	7869
7869	22544
13223	19576
13223	4845
13223	22314
13225	20995
13228	15214
13854	14264
14264	22643
13237	24178
18797	11979
18797	3100
666	13239
3210	13241
12377	20078
13247	11453
13249	11280
13250	24323
24323	22043
22208	25756
6946	14092
6946	20779
6946	24013
13263	15070
14417	14504
13291	13268
13291	17794
13271	20333
13275	10997
13277	7056
4062	13278
6492	13279
4977	13281
14426	13282
12343	13540
17422	13284
17422	20311
14800	20519
20519	7355
20519	26112
20519	20658
20519	25690
11287	13289
13290	20527
10426	412
26244	14191
26244	15872
13295	14679
18522	18105
18105	18368
13303	9191
9191	26688
21025	25868
20866	13307
6598	25441
13314	16845
16845	22904
22904	17184
22904	21317
20373	13321
21370	5270
21370	20828
10238	21464
21464	13329
13331	23289
23289	8099
13333	19034
13337	13340
13337	22563
13340	13702
21699	25968
25968	6672
13342	25378
21704	19232
19232	21196
21360	13343
21360	10039
13343	19784
19784	19605
9521	20137
9521	14338
9521	17107
20137	13348
20137	14338
13348	14338
5998	24930
15106	13353
22289	13356
15464	17452
17452	14706
17452	21056
14706	21056
19169	5393
13363	18501
2556	23680
197	19860
17646	4948
17646	4019
17646	21368
18124	13200
9897	13374
13378	16939
13383	4474
4474	25492
1154	13385
15642	13386
15351	15
17782	13397
17782	7606
13397	16843
16843	7606
26078	26549
26078	14501
26549	20783
19254	713
19254	3688
14297	16084
4161	10822
408	15130
408	17100
408	9472
13413	19372
13413	19018
6987	8405
6987	14799
5628	13420
20323	13421
13111	25810
13975	13429
13975	15526
13975	3764
13429	3764
4053	8790
8790	13430
15133	21956
6872	13431
4679	24329
4679	5749
14496	1496
13436	3802
14987	14326
14326	19503
22240	25680
8798	26253
13448	17059
13448	17577
17059	17577
17059	20665
13449	21343
13451	22478
23773	21134
23773	21485
21134	21485
10461	13457
13468	13501
26413	17164
5786	18321
5786	17631
15096	18958
13470	16916
23412	13472
16591	25755
16591	15153
13455	13476
15153	10927
16916	17631
14560	14709
14709	13479
13481	14939
14939	13491
14939	18001
4788	25663
10509	13492
16850	13493
13497	14131
9972	18505
20045	21599
20045	14965
10500	2311
10500	21217
10500	13932
10500	4646
10500	23709
13511	12718
454	13515
24537	21933
24537	24541
14933	15672
13526	20936
24022	13527
24022	23226
13534	7773
13534	21187
13535	24295
24295	2835
21486	13546
21486	16917
12771	14649
18962	15329
20496	13556
14807	13571
6718	13572
13573	14783
13575	5803
13575	13655
13575	26620
5296	13576
13580	21227
25438	13594
25438	23963
14904	13595
4552	13603
13603	14729
15368	1655
13610	23435
13611	16606
16606	7080
16606	14494
16606	17074
16606	18274
16606	24111
16606	15916
12226	13613
16188	13297
16188	21219
13614	1923
13616	22887
13621	12786
18858	13626
13631	9532
13633	16056
16056	16079
10793	13636
13642	10437
8063	13644
16624	21350
16624	20337
16819	13650
19884	13658
13658	17974
23849	21121
17371	13663
13666	19674
13666	17005
5770	18129
10870	18656
13669	18873
13672	22087
22087	17827
52	6557
13676	24482
13676	20407
24482	20407
20407	15276
20407	17921
25965	13945
8321	21452
253	648
13692	2028
13692	17030
13692	22050
13693	2053
21682	19990
16026	13698
16026	1614
13701	23542
13703	23159
13703	6942
13706	18422
18422	13354
13711	24763
13711	17444
24763	17444
16156	17444
17602	13713
2777	13715
17991	26261
24793	12686
12686	24226
15727	13726
13728	13150
14701	14574
14701	13730
21260	13736
13737	19296
13737	14671
19296	14671
13742	18961
23885	13751
13752	25651
25651	9936
13753	22997
13755	2676
2676	15024
2676	21648
15024	6233
3991	8260
3991	21608
8260	9494
13896	13763
13896	26714
13896	20050
13896	3921
10437	13942
10437	13791
13793	5798
13793	6088
5798	6088
6088	14722
17259	14401
17259	23284
17036	13812
13812	17139
13812	25508
13816	23696
23696	20114
13817	6989
17686	13823
17686	11896
7748	5682
15781	16862
15781	13831
23687	13832
7788	6514
6514	22680
6514	23117
18997	2930
18997	14420
18997	25635
2930	25635
15637	20312
6868	13844
2585	14871
13863	20394
13863	20423
13864	19476
6177	14704
6177	15896
16620	16645
8356	14656
25479	13880
25479	16210
25479	25020
13880	24514
13880	16210
18556	2815
12241	13888
14489	13889
14489	20692
13889	16800
26714	17588
13898	18576
12376	7549
17030	16622
17030	21602
17030	23841
18952	9562
8690	13908
13908	17738
13910	13911
13910	6512
13910	14267
17358	16709
5673	21879
24611	12170
19959	9031
19959	21558
17571	13938
17571	7809
23060	13938
2581	13944
15890	13946
21345	21914
21084	13948
13951	6849
16340	1300
21631	13960
13962	10754
23851	21673
21673	17318
21673	23933
5508	13977
24904	25937
13980	15190
13415	21507
18891	13982
13963	13985
13963	21503
1942	14260
13991	13993
13991	22478
199	13992
21446	14680
13996	14974
14974	21264
14974	17027
14974	15959
6924	13997
14003	15861
14006	12058
14007	529
14008	444
14020	11019
14020	21571
6792	26086
8633	14027
16092	19225
19225	21328
19225	23302
14031	12913
12913	20200
14033	22198
20959	23181
20959	20734
20959	22215
20959	23180
23080	14038
25757	14039
14044	26183
14044	22531
26183	22531
14046	14879
14046	15423
14046	23063
23168	14050
14055	11418
11418	22286
16590	14058
14060	25313
14060	14074
21959	6928
22266	23165
6873	19572
6873	17376
19572	25637
19572	11432
11423	23081
11423	14064
21853	10400
14066	14937
22271	20335
22271	25761
22902	23684
22902	14082
22902	26206
16305	14070
16305	13258
14070	15767
14070	13258
14072	7747
10305	14073
14074	22377
25772	14077
14077	23255
14089	25800
4845	22314
15156	10914
10914	25319
4952	23274
23274	26598
14098	14090
23139	22205
23139	14103
919	6638
18969	21655
18969	14124
21655	14124
5654	14611
14446	23563
14126	15405
14127	16042
18299	8436
8436	23466
4282	14130
16080	14135
16080	14298
14135	14298
16864	15548
18651	14140
15581	14141
15581	15137
14143	14509
14145	8378
14146	18638
18638	498
11626	14148
14155	20308
14348	14160
6736	14161
6736	14739
6736	18776
6736	19810
6736	22489
21719	22637
8430	14371
14179	14183
14186	10422
14186	23422
16158	14194
14204	5911
18355	14576
7639	14215
14219	21593
21151	14220
21151	13720
14220	13720
14222	17539
14574	13730
14224	5096
4656	14226
14231	13233
14232	15600
23640	14245
23640	10458
15710	14247
15710	20354
5833	14250
18237	24379
25195	22726
5343	8691
8691	2086
12541	23584
12541	14261
14557	14268
2626	22827
11509	14282
14282	26125
11599	22364
22364	21158
23510	21733
1059	14288
1059	21187
14288	21427
14288	21187
14289	22961
19969	19970
22747	13588
14296	16488
22609	14298
14298	147
14299	17601
8591	14302
455	14304
455	19584
21373	14306
14305	1702
24264	14308
24015	14325
14100	23085
14100	25598
20647	20704
20647	22801
13156	17654
17654	18823
14336	21062
21062	25294
12734	3234
12734	15288
14343	15820
15820	1011
15820	26460
18947	178
18947	22374
178	24403
4019	21368
21213	19813
14347	15895
16309	26498
16309	14350
26498	17502
17502	14350
17502	21562
14350	21562
25567	21905
25567	14351
21905	14351
14353	16524
14353	17014
23430	24670
9047	20990
9047	21178
9047	25537
14366	12072
12072	25225
20168	19337
14368	2312
23938	14372
26526	14373
26526	23674
14373	12513
7595	3512
1249	14380
14380	22401
5537	14381
14393	16002
18644	14396
13510	401
14405	15363
6643	14406
15062	24043
14419	15332
20053	14421
16362	11725
14425	18604
14430	13926
14433	18553
25429	24100
25429	25135
19352	14444
19352	20269
14444	951
14449	21111
18190	20047
14464	23113
14465	24004
24004	11597
25171	14469
25171	24683
14470	26096
14470	19137
17960	15743
9820	14473
24942	14475
24942	24516
14481	19482
14484	19272
15688	13362
15688	15170
15688	15176
13362	15176
21629	22570
24808	23718
23718	14692
15353	19640
1496	25353
10135	20511
14151	13190
14507	999
15080	14514
14515	8805
8805	19532
14518	18498
110	23226
20177	20439
20177	15872
14534	22903
23133	16810
23133	13778
1863	14538
1863	4182
1863	1788
21504	26504
22916	15828
14547	2099
14547	25091
2099	25091
23922	6444
23922	7196
6444	14551
4166	471
471	23319
14565	16270
14568	21672
1020	14569
1107	14577
23402	14751
23402	17067
14585	19424
19424	21510
19424	21514
14751	14587
14593	2594
21190	26123
14596	673
14599	17370
14653	23225
14653	2773
14653	16578
14603	18234
14606	21204
14613	19253
14619	25121
14619	18310
25121	18310
14620	991
14628	17077
14628	17044
17077	22623
14629	23884
14629	6477
14631	22651
14633	8575
19202	18103
14627	14853
16604	14638
14638	17714
16073	14639
14640	23497
14641	15504
14642	21979
14642	6648
21979	26053
14652	17383
2773	16578
14654	8125
22877	14657
14659	15175
14659	345
15175	345
15175	23359
14663	23681
17338	11950
17338	7483
11950	7483
8503	14673
25730	14674
25730	24114
25730	24799
14683	11504
14686	19214
14688	17158
21580	14691
7076	14693
14703	22049
14703	227
22049	227
17335	5360
19055	18316
15843	14713
14715	12368
14715	5841
12620	21782
17043	24276
17043	19025
24276	19025
14728	21185
19128	14917
19128	16426
19128	21484
22449	17857
6586	2986
6586	19365
14746	19365
14747	21899
21913	14756
20250	14757
20250	2532
14757	2532
14760	2653
18295	5684
1897	20619
14771	23868
23868	13838
7640	21884
14776	18625
14776	12193
14776	19245
1420	20252
1420	25238
9484	13808
9484	20533
22658	17778
22658	7984
17778	1218
14789	24691
6233	14798
14798	24303
16014	25302
15944	14809
24189	14812
512	14813
512	23686
14813	19267
26527	8698
8698	8220
13469	17146
21378	7745
14828	19831
19831	5921
14829	23905
18660	6058
4224	22607
4224	14834
23668	14844
23046	1062
23046	14848
23046	21023
1062	16028
1062	21023
14855	5804
18911	16519
15898	15185
14866	19923
14866	9339
6339	19542
14867	11057
14872	9667
9667	25447
14876	22375
22375	20248
14096	14880
6874	14886
18619	14888
6388	14891
4871	6043
4871	21126
4871	14894
6043	14894
6043	21126
16453	14896
16453	25815
14896	25815
25778	14897
14898	6981
6981	14082
6981	11675
5861	14902
5861	16115
5861	10076
14903	26686
17818	8374
14907	18770
14907	462
19692	14911
19692	23650
19692	18679
17376	12603
17376	9874
14915	17148
14915	14914
14915	16738
17148	17212
14914	16738
14918	18022
14918	8720
14922	17547
23811	15917
15917	14934
14938	10186
16859	20193
14942	7519
21268	12445
21268	23578
15786	18371
14944	23561
14944	10086
23561	14943
23561	21774
21774	14943
21774	10086
14943	10086
14948	16552
14949	18631
18631	24370
2838	22938
21164	14958
8890	14960
26318	14962
26318	22481
14968	9156
14970	21987
21636	14973
21264	17027
21264	18138
21264	15959
14975	18452
26123	8172
23140	14991
23070	14993
23070	16626
22315	10919
15000	25302
15004	23099
14313	15006
11079	23720
15013	20342
20342	19215
21420	15017
15023	983
15026	13935
25662	7375
20455	10341
26101	15038
15042	16742
15949	15043
15949	25930
15949	22231
26118	3481
20927	20584
20927	23658
3465	15048
15051	16363
26476	9142
26476	26410
26476	21603
14752	15055
21175	8167
15058	19851
15058	25535
17828	15061
17828	19299
24039	26396
24039	24749
15064	22511
6657	15066
15070	8958
21080	16341
15076	23602
15076	24159
15076	26612
15077	25881
10364	12563
15084	20650
15088	20521
15088	25001
20994	15099
15102	5928
120	15107
26065	15112
26065	24207
26065	24741
15115	6760
15115	24752
15115	20067
15484	20444
24900	1147
23783	15121
15122	26098
12487	25000
242	24823
11496	13133
11496	16184
15131	23201
21158	15134
28	22482
20260	19465
18504	21005
18504	21285
15139	21922
18996	650
18996	20467
25776	15142
10234	3228
10234	25367
5112	15149
15158	21856
15167	14500
14500	24174
15519	15168
15170	17685
15170	14486
15171	15904
9498	5118
15982	15177
15177	21564
23560	15180
23560	26625
9422	15181
9422	15194
1516	15828
15197	21821
15198	15199
9509	6476
1545	19097
1545	21111
1545	15313
1545	22226
24242	16419
24242	21110
16419	20403
16419	21110
9548	15473
20758	8355
20758	15204
24790	23135
15206	17985
15206	15390
15210	21059
20723	15213
26015	15216
26015	25789
15217	15485
15217	10958
15217	25770
15485	25770
15219	11099
25594	15222
15224	8619
25117	15229
661	20268
15247	17088
10681	25010
15255	7196
24954	15047
24954	15986
22612	24489
14374	15270
15270	7531
15275	18258
15276	8852
8852	17921
8852	6332
13522	8787
15290	15449
15290	4397
15294	5315
15295	308
15299	590
15699	15314
18266	3937
2378	16283
24822	15333
23740	15339
23740	16506
16557	15340
15341	7383
17189	16875
16643	15354
15358	16062
4427	15361
22452	22704
4284	6073
15367	18268
6877	7539
7539	23260
15374	23260
23372	15392
16286	15400
20303	16262
15415	20763
1145	15417
23258	15419
23258	20776
7418	15425
15427	13612
4805	15428
7054	15434
21104	15435
15440	9849
15447	26506
15454	10827
21980	23835
15466	21192
20224	15469
16409	14214
16409	23787
15483	346
346	15656
15502	17847
16770	15503
15516	22719
22719	22962
25512	7085
7085	17553
24739	25277
20371	15693
13852	5066
17287	26164
15555	700
19665	15562
20115	21926
20115	9402
15568	18160
18160	744
12809	15572
26061	13520
9797	12703
26426	25204
15592	19633
24470	13067
15597	12850
15597	19650
19669	15608
19774	12870
12870	15612
15613	23310
12936	15615
3678	15618
22187	10619
22187	15620
18233	23099
15626	2200
19687	15627
15627	16455
15629	17957
15629	22757
15633	12827
25069	15634
23719	17638
21890	15644
15646	5521
155	12458
12458	24328
25239	4619
18420	21320
18420	24290
1918	22442
10013	22362
22362	4833
15679	18691
15679	25098
18691	25098
14878	6419
15687	26249
24434	15690
14744	15692
4495	15841
16287	22554
24615	25477
21908	15696
21197	15698
15698	18511
19862	17070
19294	25414
10175	8585
244	15726
15726	25593
15730	19982
21243	15731
5226	19244
19244	15735
6956	15737
15739	6628
15739	22292
15742	22891
11177	15744
22319	15746
15749	4621
15753	26010
15753	20865
26010	20865
22530	22322
22322	21843
22322	16334
11101	22456
2368	15755
15772	12001
15772	12413
15778	16227
12666	4401
15779	20082
15779	7703
18371	17053
18371	18612
18371	18425
21902	10456
19076	16096
22411	2972
15803	14609
8459	22497
128	24269
15831	12633
15837	11634
20637	15838
20637	2761
15838	22537
2761	25784
22537	13121
14799	15846
15356	14707
22854	15857
6185	15874
5334	21327
21366	21397
21397	15877
21397	20900
15878	17317
15878	24077
23665	21848
828	15887
828	20672
828	19658
12820	19046
10570	15889
2418	16223
13598	22631
15902	13392
15126	15903
16428	5282
21943	15906
15909	21014
6504	15910
25774	15924
21757	9146
15928	18428
15931	18735
15935	10623
15939	20524
15940	25930
15942	22267
22569	15945
15945	18016
25930	9304
23793	15950
15954	15951
1650	2836
5105	15968
15968	26134
15970	13243
19175	15974
19175	19060
15974	19060
24195	15986
11170	15988
11170	24092
15994	17959
17959	24610
1743	15995
16001	2402
10302	26477
23213	16011
23177	26728
23177	16018
26728	16018
14321	13663
13663	17674
16028	14154
14154	21023
14525	15387
16037	4876
18810	24441
16057	21187
21187	2849
16059	24489
19833	3887
19833	5625
18407	5561
18327	24369
18327	16063
24369	16063
8605	16082
8605	16345
17190	13850
13850	16089
16095	14989
16095	11435
4867	12608
4867	20274
16101	23524
20443	6921
12242	16102
12192	16111
16112	3835
10076	19663
16116	18529
18529	3085
16120	15985
24159	26612
26612	17548
17014	26667
19759	16134
176	16143
10904	16148
11492	16149
16155	17508
24184	16162
24706	25285
8382	13964
17870	6990
13315	16174
16174	7676
4245	21761
16182	24587
20576	16185
16187	9801
16189	17787
1439	20471
20471	22999
18789	16194
21596	16196
16197	22730
16197	16977
22730	16977
14107	14881
498	19607
12429	19947
8571	16207
20680	8929
15969	20143
2632	11293
11293	16215
11293	21113
16220	24012
16220	11612
16220	25125
16220	15441
11612	20537
18379	16224
16235	24074
3475	7020
7020	19335
7020	24234
7020	25945
16242	2826
16242	26397
2826	24768
20968	23751
16257	24829
10798	17321
1621	16274
16275	23815
16285	20702
18481	25705
18481	23115
20772	16301
20772	3643
20772	23083
22538	25329
22538	20156
22538	16304
25329	20156
1067	16307
20175	2504
6101	25212
25212	25080
16308	14916
16308	1619
16323	8830
14049	16298
19494	16327
20785	16328
16330	7755
16330	19818
23161	16334
16354	3239
8735	16366
8051	19627
19627	16376
19627	16370
19627	25254
16372	6646
6646	20391
24258	20391
16376	25254
16382	16710
1379	16383
16386	18186
16388	16706
16388	15609
19620	16773
95	16392
13604	12200
3226	16395
11146	16398
14144	16416
9618	9625
16422	16414
16414	26461
17181	16423
16424	94
94	9253
9253	7300
16431	23679
16431	2857
16431	18843
2447	18430
2447	23737
23737	20446
16448	357
16448	21319
16448	16611
21319	16611
16450	19188
22336	16452
17022	24399
12243	18059
16465	22937
25612	16466
25612	16972
23588	24858
5689	16490
5689	21287
16500	22110
12346	13794
4027	16508
16511	17579
16511	9472
12196	16513
22371	16518
16521	23688
23688	16913
3625	4410
16530	26645
26645	8638
5553	16532
16536	3926
16536	11352
22721	16537
12795	18123
16544	13375
16547	9363
16559	17150
26697	13238
14190	7685
3552	5462
16577	25291
16579	19259
6980	25317
22329	16587
22329	23166
16587	23166
16589	26048
16596	13278
4925	10077
16609	24271
24271	18024
20092	13505
13505	16617
18963	79
79	16618
79	22779
13098	16625
19936	22899
16627	18530
16627	18415
16674	2296
2296	19707
7513	6662
23476	16650
15625	16655
15625	16667
16665	16658
16665	1077
2136	16662
16664	8078
2241	3732
8656	10863
16675	18173
16676	11793
16676	19729
8162	16680
25499	18065
18194	16686
16686	16707
10511	23876
23876	19598
25032	15561
15561	16696
16702	18884
3560	24993
16703	26702
26702	20398
26702	2074
15609	2894
16767	16712
16767	26664
26718	16715
16715	16717
2137	16716
2137	18055
16716	18055
5175	19634
5175	16726
16727	13050
12941	16729
12941	18076
16729	18098
2223	5162
16745	20086
18188	16747
18188	23428
11729	16755
7816	16762
16765	7938
12558	16766
10538	16769
16777	1987
16778	24315
739	16781
23759	21795
23759	16919
15590	24558
622	22100
16800	3983
16800	20692
405	16809
16814	3086
20559	16815
16816	20100
16820	21096
20683	24997
24997	16823
24997	16834
1803	16826
16832	433
16836	17763
18532	16844
16846	10455
16849	7768
16849	21976
7768	8278
16854	21499
16861	13502
22869	19868
23512	16866
23512	12521
23317	10088
16875	12135
15839	20090
23896	16882
23896	2498
2571	10606
22610	22379
22610	16898
16901	18662
18662	17653
16911	23704
16923	16983
19945	16926
16930	18705
18705	19549
16931	22054
16934	21078
16948	25954
16950	4820
16950	22751
23048	16955
17813	16959
16972	17330
16978	12877
8684	16987
16988	3645
16988	269
3225	24977
16998	11640
16998	18966
13442	22061
17415	3867
17415	17001
3867	17491
21058	4048
5761	16519
5761	4555
6397	18104
6397	17009
5884	17009
18411	17013
18411	11187
4267	17021
17025	13242
17028	9070
17028	17741
17741	17026
25182	17032
17032	24898
24574	17034
17035	18478
13591	17038
17038	21609
21364	20806
10174	13924
13548	17046
17053	17368
17053	18612
17368	26507
19247	17054
25410	17058
20506	17072
17076	11026
17080	21182
11081	17831
17831	17082
10690	5327
15281	17092
18103	14635
14635	17407
14635	22664
17107	7999
5401	8518
17112	23935
17118	351
17118	24350
351	24350
24013	16302
17124	8440
26067	26349
26626	21732
19806	17143
17144	24912
24912	26199
6470	23511
24267	20937
14014	17183
17184	3300
17197	19340
22614	4761
25683	5287
2248	17198
4385	12556
17213	22868
17213	18364
22868	18364
26401	18364
22564	17218
22564	22566
24080	24824
26584	18524
18524	18405
18524	2707
6333	24206
26445	9216
9216	17233
26430	17235
17235	12274
17236	21241
17239	4969
14994	17243
17245	25253
17247	26049
26049	25953
26049	25650
26049	3208
5510	21365
5510	1542
21365	21925
17265	22952
21073	17266
8647	17269
17269	303
17270	18912
17285	7357
6387	23025
23592	26021
17296	17920
4857	17302
10724	23979
10700	17308
10700	16825
18756	17310
21054	17319
21054	18876
21054	14647
17320	895
17320	18862
19080	17325
19080	23897
11912	17330
17330	21332
21332	18362
18227	17611
17611	17331
5360	15993
5360	14024
17337	25706
13837	5980
13837	20002
5980	17340
17341	25649
13851	20304
20304	17342
26470	12244
17342	3168
17349	5879
17350	16695
17355	18315
1784	25469
25469	20142
26507	18425
17374	261
17374	2512
17377	12408
12408	22015
17385	26717
26717	21729
17387	13986
17391	23975
17391	18946
17400	16529
17400	3071
19725	17405
19725	25051
17405	25051
5277	21312
21978	17417
17419	6770
23940	23351
17430	18857
7711	24371
24371	17431
2913	17433
17435	23672
17435	22980
17439	23057
17440	3611
24834	4742
19015	18817
17446	17153
17446	18817
17447	15858
17449	1950
17451	18560
25635	17465
17469	14375
17470	22959
9344	17476
1783	23745
1783	20913
6478	17484
17484	17362
17489	2332
17764	17497
17764	23550
17764	12403
13158	5089
9176	25617
17512	11505
5034	17513
12102	17513
17515	21960
17517	26176
26176	3915
9518	4955
4955	17539
24302	17523
17523	19197
17523	21686
17539	19197
17539	20114
5767	6839
6839	20770
9541	18813
9541	17528
17535	4786
17537	4375
22434	23120
22434	17542
23120	17542
23120	24134
17542	26361
20600	7684
23642	17549
10481	17482
23821	17887
23821	17560
23821	21606
17887	21606
22708	17562
17562	17565
17573	1698
17576	13330
22556	11825
17590	16976
5035	17591
17591	21302
17594	22057
17594	25639
22057	25639
17331	13848
18630	17683
8123	10267
17738	17626
17738	21904
17632	21566
17638	23623
13369	4468
17652	23651
23651	322
13404	18707
17664	6163
17667	16060
16514	17668
17672	21273
19233	4949
19233	17673
4949	17673
17678	14122
14122	22034
22125	20441
22125	21091
20441	23565
26619	18311
17690	23568
392	7048
392	21767
17715	25227
23027	5974
23027	19907
5974	19907
5974	2364
9624	10206
17722	12106
20404	17725
20073	17734
20073	16807
17734	16807
13260	17737
17742	1804
17745	19056
17754	22053
20827	20929
23625	17757
17761	9665
19376	17767
8161	17771
17773	26171
26171	20889
17774	20107
17774	23819
17776	18332
23565	19849
23565	17777
19074	17779
14378	23299
15242	21904
1472	13764
25496	21001
23678	6903
23678	17793
23678	6186
17800	3756
17800	945
17814	8497
8497	3948
8497	25119
5478	17815
17829	19036
17832	7361
25125	17699
17850	19377
17851	25013
17867	24010
17876	9321
16192	25204
21968	12500
8384	4638
17904	26429
26429	7180
4753	1842
4753	24788
17917	4608
17918	2417
19678	19703
17928	24021
22812	17932
17932	24887
25907	24955
17936	6483
17936	20829
6483	20829
6483	25890
17942	15573
17942	19737
12500	13408
17944	26473
17948	20594
20594	6219
20594	21337
17953	25539
14166	3126
24610	26297
9071	6358
18133	17961
18133	1725
25725	20715
25725	26550
20715	26550
20715	26319
17968	870
17973	20566
17974	25424
24953	24730
25721	17994
25721	22029
9569	23286
18004	21340
25471	18007
18008	22150
22150	6309
18017	19782
18017	1466
16391	18028
19306	18029
12833	18033
18036	18117
18117	18127
18117	5153
18046	15560
18053	19727
11780	7868
22991	18066
23438	18069
18076	18098
18085	11764
19761	19762
19603	19750
18096	11900
18097	3567
18100	24491
18100	9394
18100	21198
24491	9394
18107	2139
18108	19276
349	18118
18120	14437
20241	25259
8014	18125
1314	3698
1101	25360
7928	7973
7928	19595
18134	4509
12347	18149
18491	18151
18491	7741
18151	3445
22019	22519
18163	439
3692	18153
20534	18167
18169	23449
7894	22162
18207	24465
14595	18211
18214	6119
14650	25001
25001	24106
17499	18217
24731	18220
22821	18222
21588	18223
18232	5558
18239	13987
18241	9780
22572	23571
6005	18259
10070	13328
18267	26725
14913	23606
2905	16099
5270	20828
20828	5857
18287	122
122	18990
122	21695
16413	21429
16413	18291
14113	18292
10586	18312
22444	18315
21109	18324
13408	18334
13408	21638
13408	21969
18345	22180
20006	18346
18346	16733
18349	8174
18350	7808
11043	18546
1350	18361
6200	5259
6200	18533
1323	26292
25285	18372
25285	24862
18380	21066
22892	15648
18393	18390
18393	18389
21086	18392
18392	22018
18394	23833
18396	21820
18624	5233
18429	21337
9697	16067
1106	18437
25584	18438
18438	1750
13177	18440
22000	20157
662	21204
18450	11286
8979	14395
10074	940
18623	18464
18623	949
11222	191
4726	18473
18480	6608
6608	21137
14423	24115
26552	18487
26552	26124
13601	18489
7741	19166
20240	19880
20240	18493
23578	18508
23578	10934
23919	18516
21952	18525
13560	18526
19995	1005
18541	16632
21927	60
21927	18550
10733	18551
18967	18557
22540	22295
18573	24672
13364	22363
13364	19313
18599	18602
18602	26501
18615	7377
18629	20307
18637	21523
23736	18640
8776	6915
18652	18398
6642	18653
4372	525
18659	21125
18666	23404
18666	3214
18668	14719
11870	18669
24105	21150
24105	24533
21150	25560
21150	24533
15682	18680
10312	12291
26629	4539
18690	3534
25098	15790
18692	17356
17356	16129
17356	23886
16129	8319
18701	18700
18708	16531
16531	19809
21942	18710
18710	23644
18718	19454
19454	16356
9405	18725
7091	26530
7091	26678
26530	23045
26530	26678
26530	18730
10019	18857
23373	18736
18737	22979
18740	5813
18745	4566
25052	24694
24694	18752
8851	18758
18758	15355
18759	13777
18761	21278
18780	23715
7609	22817
8703	18791
18791	2038
18800	26578
26578	5383
18803	23830
18803	22621
23830	13471
23830	3287
23406	18807
18309	15240
15240	16471
15240	13929
18811	19075
18811	19004
22555	9305
4336	18822
23205	18827
18547	18845
23303	23471
18850	25609
3786	17346
2779	18856
1582	21169
19907	18874
3455	18875
3455	22931
3455	19171
7244	18896
20216	22006
9555	18606
18900	1676
10961	18905
6075	18910
19509	22009
23973	18916
18918	20502
12122	20472
6851	25326
6251	4220
18933	20214
1878	18934
20830	26587
26127	23200
26127	4589
26127	6290
13401	11643
13401	22381
18939	24293
13772	18943
9562	22650
18956	15866
18956	8488
15329	11137
18675	18968
18968	26327
18968	26615
23716	18971
23716	17574
18971	13257
18971	17574
18971	12693
13257	23928
18974	21670
26339	18979
25508	18989
20467	22948
22629	19003
19005	11344
14775	10227
14775	1479
19019	13544
19028	1933
20185	21962
19037	1233
19043	4916
14741	24415
9712	19049
19051	12334
11672	23281
19068	6313
3860	17752
1377	19078
4500	25694
10557	10528
10557	23875
10528	19094
19099	22879
19099	25814
22879	22712
22879	25814
25814	22712
19101	9116
9116	8376
19116	3184
5816	19120
19168	19121
19881	19166
13394	7661
2345	13426
19163	8023
19165	17008
17008	19181
22931	19171
19526	19179
19184	7031
7031	19183
5014	21142
5014	5989
21142	19191
4975	22748
10805	19209
18012	26611
12236	19215
19216	7086
7086	1640
7086	24641
24533	25560
11922	19944
19248	13558
12430	19249
12430	23946
19249	23946
15666	5633
12134	21215
19264	14790
19266	22047
14156	25586
14156	19269
25586	19269
13922	19290
19299	22261
22261	11332
2839	19302
19007	19305
19312	19311
19323	3826
15074	15211
15722	19339
19339	21753
19342	25717
19346	14439
19351	25080
2259	19357
19360	7720
19366	24297
24297	5986
5986	19369
16542	15409
21120	5612
19381	8799
23007	19383
20133	19391
19402	25823
17641	19406
19408	17186
4122	8452
4122	19413
19414	23179
19418	23217
19420	11328
19429	14511
19438	5454
19451	17238
20663	20670
22482	2547
19466	8989
19466	23248
9369	24584
19479	26138
12161	12448
12161	21784
12161	19447
19487	7514
19490	26391
19493	17162
19505	10037
20132	19506
7151	19512
19513	179
19513	24403
10219	11200
19520	18050
13441	10144
13441	19528
11623	15243
20852	26270
19534	22096
22096	11607
21586	9738
9738	19535
19364	19535
24730	24742
24427	19554
24427	25903
21548	22604
19556	22589
11320	19560
20998	19565
25323	19579
23853	19580
7293	24725
19584	4540
20550	18089
19610	12903
10138	5148
19626	9576
19619	19644
19646	12888
19667	25040
19667	19668
25040	19668
10513	19673
13167	20762
19683	19629
22130	22117
22130	19690
22117	22120
22117	19690
19690	22120
11733	25044
19776	1412
19770	3722
19770	25022
19770	952
952	25022
25022	25046
25022	3416
4492	19702
19702	22072
23315	13822
4905	6795
4905	19712
2398	23458
2398	24352
21124	19719
19722	23434
19722	19621
1115	5212
18650	17209
19735	23195
10574	19769
19769	22103
19771	11770
19775	19386
19796	7104
19798	21376
19810	23794
19817	13588
19817	4407
22532	22325
22532	19832
22532	20977
22325	19832
22325	20977
19835	26261
19235	19838
19842	2021
19843	3615
19844	25246
19893	21817
21974	10877
15090	25603
19897	25603
19898	5380
11967	19901
11967	20514
11967	25821
5914	9812
19914	22030
13133	21162
18991	19922
19928	16475
16475	124
124	21662
3869	19929
19937	17003
19938	23903
16555	19942
19942	22678
24351	19946
21401	19949
19950	4987
4987	22831
16802	20130
25936	19954
25936	23943
17392	19961
23248	25905
23248	24053
20064	19992
20064	6149
20064	21882
19992	6149
19992	21882
19994	20282
11583	19983
26579	19996
21116	3311
3311	19999
3311	25249
3791	20003
22380	20005
13695	20015
10046	20016
10046	15804
20017	15916
19886	16594
19886	20022
20533	20023
3470	20025
20025	20369
20034	24425
24802	20043
20043	20040
21873	15166
20048	8169
8169	693
9304	22235
8756	9280
4227	3638
4698	20057
20059	17056
8761	10346
20068	18377
20071	20807
11072	19100
20076	23531
20076	23744
23531	20902
11015	21140
20080	21715
11411	1060
1060	26414
20103	11844
11242	20105
26705	20110
26705	26279
20110	26279
21926	15717
20118	7246
7246	24365
7246	21750
24365	21750
8769	20122
20882	20125
3213	20131
20154	2507
20155	18877
22350	20162
20163	11370
20164	21958
22317	20167
20172	6926
20173	10188
22043	20180
1351	3830
3830	22312
20182	23916
238	20201
20202	3215
20203	10371
100	20223
20229	20062
20232	14019
9649	20233
24593	20247
20247	7097
3508	20249
21860	25691
9206	20033
20263	16621
8778	20265
20274	922
20275	4757
21506	20278
20284	24589
10900	20286
3749	20288
20398	20287
20398	20295
21532	20305
21372	20309
20313	22370
20965	20317
20325	20365
7540	20330
7540	21265
20335	25761
11417	20336
11417	11297
25790	20339
13207	20341
20358	24698
20359	21933
8319	21972
20367	20793
20379	16446
21455	15384
10024	23712
23712	20387
20287	21985
22947	8910
21285	23854
23854	20424
7526	20427
20430	23383
24252	4320
24252	6326
20458	26553
20459	2450
2450	24292
4838	3824
10349	25728
10349	24433
11137	20465
21624	14162
14162	12437
14162	20470
20477	506
17727	20480
15259	4586
24043	20485
20486	14403
7147	24849
6666	20526
20528	17729
24056	20876
20530	25885
26606	20531
21346	1015
20542	7029
20543	24078
21292	20548
25391	20699
25391	20552
20326	20561
20521	24849
24849	24106
26624	20577
26624	884
24424	20585
21738	25073
20601	22949
617	20606
20607	23263
4091	20611
20613	19395
948	20617
4431	20618
20622	24154
20623	21286
12274	24935
20704	9315
20704	24599
7302	25984
25984	23969
20662	5488
20667	24185
20669	21410
20675	14563
20677	24998
20677	26524
24998	26524
26524	26023
26458	26537
11842	338
22465	20695
1372	20552
1982	26438
1982	20703
20710	20051
18603	19940
24010	20714
9877	26198
24910	25735
24910	26319
25735	26319
25735	26550
22924	25327
23086	21583
23086	20727
20727	23153
6923	6967
26173	20731
20742	24153
99	23839
99	18695
20743	1385
20744	23247
20821	20752
15204	3344
695	20759
22376	20761
26374	25200
26374	17706
24313	20768
24313	15724
3643	23083
20774	11089
5124	22273
7955	20786
20773	20769
26698	20784
20368	20797
20799	23075
22334	20805
20805	23256
20823	6194
25539	20837
6279	20840
20840	25434
12453	20844
20857	10915
20864	26168
20865	26016
20867	21399
6491	20879
20880	26158
20880	13211
26158	22216
7824	5127
20897	20625
22102	20899
20900	15877
14612	23204
2634	20904
8963	20905
20905	17912
20914	245
20917	19442
25977	20920
20920	24971
20920	25167
25197	7991
20935	25831
20955	10703
25355	9220
24892	20963
15443	20967
7734	20974
20975	6917
24604	20982
20991	6290
22415	24072
13224	20134
25099	22281
21006	1085
21008	23416
26466	24716
26466	24091
24716	25713
24716	9779
24716	26054
22454	21041
21042	1407
236	9588
21047	23414
21052	24888
21060	19286
26492	26063
26492	20884
21095	25642
25642	24330
14447	21100
21476	4889
2475	64
5811	5599
13968	21131
20551	21145
21148	19432
21157	443
25545	14684
14684	21159
21178	22795
23580	21184
17896	23799
25660	9127
25660	4414
15284	25963
21209	22597
12094	21210
9257	3036
11998	21230
26313	21237
21239	23657
22833	9682
23136	21247
23136	13674
21249	24262
23994	21251
640	2044
21265	3618
21270	11652
24648	5855
24648	25579
24648	25690
21282	17582
21284	7488
18272	22083
11699	10330
10330	21295
21321	5666
21324	19497
19497	21739
21739	24340
21329	21714
21330	14277
8569	21333
18286	21336
1858	21339
25260	21352
21165	22429
22429	21804
21925	25497
24191	9774
9774	271
9774	5589
13961	21408
21421	6476
21421	26727
21425	8641
4522	22970
21430	15920
10059	1681
9516	21438
21438	13930
21438	23356
13930	23356
21858	14392
21457	24393
23121	24044
21477	11481
21479	21490
21490	12680
21488	16884
19861	21496
15241	20195
17464	21524
21533	22969
21533	12600
9990	25094
26649	5579
21541	23598
22230	24188
7986	26656
21581	894
992	21585
21590	2691
18598	26309
26309	6314
21615	19224
21617	21901
21625	15369
15369	24420
21645	21626
21645	490
21626	490
25367	21633
21903	8267
21903	22622
3562	21657
21657	618
22867	21662
24668	12446
21668	26560
25123	21531
21697	453
2701	12516
22517	24177
22517	21709
24177	21709
26052	1410
21751	8614
8614	270
25234	21752
21752	22575
3002	21754
21783	6585
12463	24813
21794	11905
21794	21799
24331	22810
24331	26289
24331	15370
24331	21796
24331	15494
21803	26030
21808	15193
21822	11356
21827	12099
21827	23514
26304	25131
21839	23056
14756	21840
11034	21844
21844	20776
13134	21845
25674	21863
21866	7629
9291	9196
9291	21867
9196	22237
21869	25796
21869	25826
25796	11307
21875	7369
21909	9141
23763	21918
21918	20001
21933	24046
24046	22813
21944	4910
21951	13765
18525	14012
21972	26237
22011	22849
22012	1755
1755	26073
22021	11311
14448	241
22070	23859
20008	22071
23869	22081
5217	22082
22085	23433
26228	22092
25059	25036
25059	22098
25059	25068
25036	25068
22126	22185
24222	6359
3939	7990
18057	22139
2236	24946
24946	22140
24946	15606
22142	3721
22144	10621
22151	11714
22159	18353
22159	25993
22161	2734
22166	22192
22170	797
22184	26144
22204	23238
15734	22210
22210	22293
24188	24905
19456	22232
22242	19274
22247	2426
22258	19450
22258	24084
22264	19985
22270	22310
23160	22282
25311	22291
23078	6944
22337	23237
22337	25656
23237	25656
22354	23675
22355	3913
22353	22357
20091	22361
20091	25292
22369	9166
22381	8389
22403	24573
22414	26428
22416	1462
1462	22945
1462	25882
26386	9779
22421	12035
23801	22426
17880	22428
24364	3188
22432	1656
2985	9589
6853	22455
22330	22457
25372	22459
22486	25752
22488	6548
11270	22493
22497	23009
22502	16203
22508	24239
18456	22512
24114	22516
22518	9298
10953	6944
3548	15989
22545	6236
22575	15957
22581	4769
13119	22583
15812	14677
22588	2356
22600	25294
22605	18714
18714	5737
22617	15583
16177	231
16856	23552
22636	14315
22644	14517
9661	22645
9661	22492
22647	5456
22653	24745
22660	13523
22666	2715
21146	22668
16891	22670
10225	22688
24937	3946
22690	17351
17066	900
17066	22699
24438	11676
22729	5919
22729	23689
10641	22739
24817	22755
22759	9423
22768	3013
18785	22783
26537	23952
22798	24803
22804	21423
9033	23109
22809	24502
22809	380
26289	15205
26289	15495
15370	16141
22825	8393
22829	25435
26435	1456
22840	5087
6117	24918
26523	1298
14273	22848
19289	20545
19289	14622
19289	22977
15172	22862
17292	22865
17292	26721
22878	13800
13800	13172
6869	22881
1630	18313
16914	22897
14310	23138
19867	15757
8707	26680
22922	17126
17126	25583
22932	8736
22948	6618
25851	17913
22958	5131
23141	22973
16331	23083
22978	10875
22980	3426
3426	23460
19829	25659
23009	7217
23025	23015
23025	14521
23020	25518
6850	25779
23039	13797
6480	23067
7560	23069
24304	23082
23087	22318
23094	20628
3170	23102
25705	23115
23118	5438
24134	23823
22858	23124
23124	5795
479	23130
23132	22294
23142	14594
11436	23151
11436	26037
23164	23155
2335	23158
20334	14101
14101	23174
23174	23699
15948	6998
1214	23196
23203	18116
1480	23209
23209	22400
23190	23222
23222	886
20664	26614
1384	23244
23244	7921
23264	12481
23264	23123
12481	23123
11732	23271
10167	23277
23277	4873
23283	15513
17450	23297
23300	23228
24457	23314
23314	23892
20198	11470
23322	18031
23324	1653
5870	23333
23335	24467
8409	23340
23341	16764
23342	21601
12246	23364
23364	6033
23365	10499
21847	23375
5322	5624
23329	23411
19730	23426
23429	25124
23429	1973
7407	23445
23477	793
4477	2693
16166	4419
5819	923
23498	4583
12681	23501
25338	14076
14882	25787
23513	8141
7854	23516
23518	2084
12763	11785
23537	3240
19428	23549
22686	23551
1851	15318
23555	21083
23574	12482
5435	23583
23590	14322
22601	23596
22601	6810
23609	23638
7241	23618
5899	23628
23645	25648
25648	11525
23656	13049
14870	24764
23682	15638
23686	9373
16925	12669
23739	20061
1038	9433
23748	19596
23748	17208
6624	23752
23753	25251
11110	17163
17753	23777
23779	2537
13536	26471
19926	23798
2045	10441
10441	996
11703	25742
11703	25820
23814	2029
20400	23817
23847	7053
7573	23508
23865	26071
23877	647
23899	24479
24479	24349
12939	22183
23908	3501
22616	23926
23930	19090
23930	24240
19090	24240
1040	23947
24447	23950
24539	23954
23956	24852
23961	20948
20948	24544
26322	26376
23964	24713
24713	311
23970	20056
7792	22260
23985	24388
2312	23997
23003	25687
23003	26375
5854	2631
26344	17101
24033	26499
24033	4587
25981	26601
25981	24735
1172	24042
24042	26295
24052	1811
24052	24057
11097	24051
24065	18645
24066	23465
24096	21236
24100	26521
24100	25135
24103	17903
24103	25506
22516	24799
24207	26571
24207	10453
24207	26655
24207	7320
21659	24119
24135	24079
11632	24143
26456	26583
24181	4011
3664	24183
24192	24233
729	24202
26571	26655
21800	24211
21800	25568
9028	10276
9028	25957
11262	24229
388	24856
388	22837
24232	25455
24244	21947
21705	10704
3429	19611
24268	13847
2155	24283
24290	15653
24316	18605
22625	24320
2266	24332
22632	24345
24354	2007
5430	24376
771	24377
771	24914
24493	17708
1547	24398
897	12131
24404	20546
13860	24405
24413	13929
22817	13357
24433	20460
24437	25802
24458	24018
24018	20996
24463	15232
16381	24474
24478	25797
23852	24496
5407	14205
24506	3054
25417	24507
24513	12719
24514	16210
19999	7187
24518	13357
24116	26471
17493	24542
24553	2224
24554	25351
231	24556
231	25534
26557	24562
24903	24571
24571	24623
24576	19065
25549	24592
24605	21805
10605	24613
3684	24614
24632	25570
24634	25504
24634	26358
24634	7021
26588	25858
24676	24760
24699	24839
24839	25095
24969	24705
15060	26291
6560	25862
10185	9266
6366	9400
26531	24738
26531	26514
24740	21122
22835	10643
24751	20351
8961	26487
26487	26180
5588	23870
23870	24767
1790	24563
1790	24772
20843	26600
24962	24777
24962	26154
7179	25711
18670	24787
26529	22926
23764	1098
24814	10420
24818	9844
24821	25867
18681	1090
24602	24837
6534	24854
22819	24863
22072	24869
24635	24880
24899	9301
26319	17964
22837	25106
25267	24921
24926	9536
25010	24929
24935	20645
24453	17237
24959	8885
24959	25164
17234	26006
11289	24965
19489	26481
19489	24968
26481	24968
7477	24983
25008	4671
16210	25020
22010	25024
25026	17694
2297	25029
25030	742
25053	25043
22146	13057
25063	6235
26437	389
11427	23170
22281	21004
25665	25102
21253	25120
2733	26387
16482	26411
24950	20575
25166	17726
25170	1793
24223	25173
25196	26399
22238	7328
24561	25203
25235	18706
25241	18600
25287	26450
14087	25330
25330	25906
25331	22549
7476	25350
22335	25388
25392	20718
4123	25394
26352	25395
2521	11232
24992	25206
25430	24214
25440	21214
416	1932
21819	24895
23276	25457
24158	25467
25878	8433
7189	25468
25468	3047
25484	7208
19527	25493
25175	332
25510	8874
25522	1850
10720	25663
25532	25887
20909	25580
25582	39
25582	25932
25932	11021
24800	26431
7130	25588
10680	25590
25592	13055
25595	25078
10402	24766
21424	25636
5287	2451
20713	25688
25692	25929
25692	20869
25929	20869
10085	14669
23762	25758
25758	7547
25759	7230
25764	25754
22551	25780
25576	25781
24503	25793
25794	10946
20515	25834
24919	25835
22268	25838
25838	11440
25838	26172
25838	14875
26179	25848
9320	25853
25861	26563
25875	15101
9117	25877
25901	17730
17730	26582
12258	26024
1812	25919
24857	25946
13262	20781
25938	26482
26001	25947
25992	5565
26009	9169
19573	6968
11487	26014
25789	25655
8542	26341
26037	7940
10951	26060
26066	26444
17983	26076
8945	25456
26109	14712
25918	7060
26045	26131
15468	26133
4398	26160
11120	26019
26019	26163
26177	6875
26514	26198
20553	26207
26213	6067
26230	2183
26233	12777
4441	4485
26242	8093
26251	12051
7323	8137
4601	26258
7084	24594
26271	26356
5850	26274
15205	15495
26293	1104
291	2674
26317	26586
25210	17964
26321	9312
26327	2698
26554	26464
26359	333
6817	26380
22073	10361
9027	26416
26417	26232
26420	377
26461	6636
5405	21022
26478	24702
6950	26480
19933	26485
26485	12311
26394	26541
17622	20671
17622	25611
10125	26508
26544	15432
4690	9892
26589	9049
26632	26646
26640	10683
4597	26648
26650	264
26659	24389
26663	26661
24132	21344
4856	26669
26673	9914
26704	221
1617	26708
24305	26710
26713	10230
26726	9724
